Keyword,Intent,Volume,Trend,Keyword Difficulty,CPC (USD),Competitive Density,SERP Features,Number of Results
group emoji,Informational,590,"1.00,1.00,0.81,0.67,1.00,0.81,1.00,1.00,0.81,1.00,1.00,0.67",25,0.00,0.00,"AI Overview, Image, Image pack, Video, People also ask, Related searches",194000000
emoji group,Informational,390,"0.81,0.81,0.66,0.66,0.81,0.81,0.81,0.81,0.81,1.00,1.00,0.81",17,0.00,0.00,"Image, Image pack, Video, Related searches",294000000
group of people emoji,Informational,210,"0.81,0.65,0.65,0.65,0.81,1.00,0.65,0.53,0.43,0.53,0.53,0.53",23,0.00,0.00,"AI Overview, Image, Video, People also ask, Related searches",175000000
group of emojis,Informational,170,"0.27,0.53,1.00,0.53,0.36,0.36,0.43,0.43,0.53,0.53,0.36,0.43",12,0.00,0.00,"Image, Image pack, Video, Related searches",103000000
signal group chat emojis,Informational,170,"1.00,0.29,0.19,0.15,0.05,0.04,0.05,0.04,0.03,0.04,0.02,0.02",31,0.00,0.00,"Sitelinks, Image, Video, People also ask, Related searches",2540000
group chat emojis,Informational,110,"1.00,0.65,0.65,0.53,0.53,0.00,0.40,0.28,0.40,0.81,0.65,0.81",14,0.00,0.00,"Sitelinks, Image pack, Video, Video carousel, People also ask, Related searches",38300000
emoji group chat challenge,Informational,70,"0.14,0.66,0.04,0.04,1.00,0.42,0.42,0.80,0.66,0.09,0.00,0.04",25,0.00,0.00,"AI Overview, Image, Video, Short videos, People also ask",107
group me emojis,,50,"0.23,0.12,0.05,0.12,0.81,0.16,0.16,0.05,0.12,0.16,1.00,0.81",,0.00,0.33,,
emoji costume group,"Informational, Commercial",40,"0.18,0.18,0.18,0.18,0.18,1.00,1.00,0.18,0.18,0.18,0.18,0.18",20,0.00,0.33,"Sitelinks, Image pack, Video, Related searches, Popular products",227
emoji group costumes,"Informational, Commercial",40,"0.18,0.18,0.18,0.18,0.18,1.00,1.00,0.18,0.18,0.18,0.18,0.18",20,0.00,0.33,"Sitelinks, Image, Image pack, Video, Related searches, Popular products",226
group discussion emoji,Informational,40,"1.00,0.17,0.17,0.17,0.17,0.17,0.17,0.17,0.17,0.17,0.17,0.17",15,0.00,0.33,"Image, Image pack, Video, Related searches",10400000
group emoji costume,Informational,40,"0.18,0.18,0.18,0.18,0.18,1.00,1.00,0.18,0.18,0.18,0.18,0.18",20,0.00,0.33,"Image, Image pack, Video, Related searches, Popular products",22200000
emoji group chat,,30,"0.18,0.18,0.18,0.18,0.18,0.18,0.18,0.18,0.18,0.18,0.18,1.00",,0.00,0.33,,
groups emoji,,30,"0.28,0.14,0.28,0.14,0.14,0.14,1.00,0.14,0.14,0.14,0.14,0.14",,0.00,0.33,,
houthi pc small group emojis,,30,"0.36,1.00,0.18,0.18,0.18,0.18,0.18,0.18,0.18,0.18,0.18,0.18",,0.00,0.33,,
houthi small group emoji,,30,"1.00,0.09,0.09,0.09,0.09,0.09,0.00,0.00,0.09,0.09,0.09,0.09",,0.00,0.33,,
a group of emojis,,20,"1.00,1.00,1.00,1.00,1.00,1.00,1.00,1.00,1.00,1.00,1.00,1.00",,0.00,0.33,,
aesthetic emoji groups,,20,"1.00,1.00,1.00,1.00,1.00,1.00,1.00,1.00,1.00,1.00,1.00,1.00",,0.00,0.33,,
best emoji for group chat,,20,"1.00,1.00,1.00,1.00,1.00,1.00,1.00,1.00,1.00,1.00,1.00,1.00",,0.00,0.33,,
blue man group emoji,,20,"1.00,1.00,1.00,1.00,1.00,1.00,1.00,1.00,1.00,1.00,1.00,1.00",,0.00,0.33,,
church youth group emoji,,20,"1.00,1.00,1.00,1.00,1.00,1.00,1.00,1.00,1.00,1.00,1.00,1.00",,0.00,0.33,,
discord emoji groups,,20,"1.00,1.00,1.00,1.00,1.00,1.00,1.00,1.00,1.00,1.00,1.00,1.00",,0.00,0.33,,
disney emoji blitz group collection,,20,"1.00,1.00,1.00,1.00,1.00,1.00,1.00,1.00,1.00,1.00,1.00,1.00",,0.00,0.33,,
disney emoji blitz group collections,,20,"1.00,1.00,1.00,1.00,1.00,1.00,1.00,1.00,1.00,1.00,1.00,1.00",,0.00,0.33,,
disney emoji blitz groups,,20,"0.00,1.00,1.00,1.00,1.00,1.00,1.00,1.00,1.00,1.00,1.00,1.00",,0.00,0.33,,
emoji for group,,20,"1.00,1.00,1.00,1.00,1.00,1.00,1.00,1.00,1.00,1.00,1.00,1.00",,0.00,0.33,,
emoji for group of friends,,20,"1.00,1.00,1.00,1.00,1.00,1.00,1.00,1.00,1.00,1.00,1.00,1.00",,0.00,0.33,,
emoji for group of people,,20,"1.00,1.00,1.00,1.00,1.00,1.00,1.00,1.00,1.00,1.00,1.00,1.00",,0.00,0.33,,
emoji group chat names,,20,"0.67,0.67,0.67,0.67,0.67,0.67,0.67,1.00,0.67,0.67,0.67,0.67",,0.00,0.33,,
emoji group costume ideas,,20,"0.00,1.00,1.00,1.00,1.00,1.00,1.00,1.00,1.00,1.00,1.00,1.00",,0.00,0.29,,
emoji group halloween costume,,20,"0.00,1.00,1.00,1.00,1.00,1.00,1.00,1.00,1.00,1.00,1.00,1.00",,0.00,0.33,,
emoji group meanings,,20,"1.00,1.00,0.00,1.00,1.00,1.00,1.00,1.00,1.00,1.00,1.00,1.00",,0.00,0.33,,
emoji group names,,20,"1.00,0.00,0.00,0.00,1.00,1.00,1.00,1.00,1.00,1.00,1.00,1.00",,0.00,0.33,,
emoji group of people,,20,"0.28,0.28,0.28,0.28,0.28,0.28,0.28,0.28,0.28,1.00,0.28,0.28",,0.00,0.33,,
emoji group shirts,,20,"1.00,1.00,0.00,1.00,1.00,1.00,1.00,0.00,0.00,1.00,1.00,1.00",,0.00,0.00,,
emoji movie age group,,20,"1.00,1.00,1.00,1.00,1.00,0.00,1.00,1.00,1.00,1.00,1.00,1.00",,0.00,0.33,,
emojis group,,20,"0.00,0.35,0.00,1.00,0.00,0.00,0.00,0.00,0.00,0.00,0.00,0.00",,0.00,0.33,,
facebook group emoji,,20,"1.00,1.00,1.00,1.00,0.00,0.00,1.00,1.00,1.00,1.00,1.00,1.00",,0.00,0.33,,
family group emoji,,20,"1.00,1.00,1.00,1.00,1.00,0.00,1.00,1.00,1.00,1.00,1.00,1.00",,0.00,0.33,,
friends group emoji,,20,"1.00,1.00,1.00,1.00,1.00,1.00,1.00,1.00,1.00,1.00,1.00,1.00",,0.00,0.33,,
funny group chat names with emojis,,20,"1.00,1.00,1.00,1.00,1.00,1.00,1.00,1.00,1.00,1.00,1.00,1.00",,0.00,0.33,,
funny group emoji,,20,"1.00,1.00,1.00,1.00,1.00,1.00,1.00,1.00,1.00,1.00,1.00,1.00",,0.00,0.33,,
group chat emoji challenge,,20,"0.00,0.42,1.00,0.71,0.71,0.00,0.00,0.00,0.00,0.00,0.00,0.00",,0.00,0.33,,
group emoji copy and paste,,20,"1.00,1.00,1.00,1.00,1.00,1.00,1.00,1.00,1.00,1.00,1.00,1.00",,0.00,0.33,,
group emoji shirts,,20,"1.00,1.00,0.00,1.00,1.00,1.00,1.00,0.00,0.00,1.00,1.00,1.00",,0.00,0.00,,
group emojis,,20,"0.00,0.00,0.00,0.00,0.00,0.36,0.00,1.00,0.00,0.00,1.00,0.00",,0.00,0.33,,
group halloween costumes emoji,,20,"0.00,1.00,1.00,1.00,1.00,1.00,1.00,1.00,0.00,1.00,1.00,1.00",,0.00,0.00,,
group hug emoji,,20,"1.00,1.00,1.00,1.00,1.00,1.00,1.00,1.00,1.00,1.00,1.00,1.00",,0.00,0.33,,
group meeting emoji,,20,"1.00,1.00,1.00,1.00,1.00,1.00,1.00,1.00,1.00,1.00,1.00,1.00",,0.00,0.33,,
group of emojis together,,20,"1.00,1.00,1.00,1.00,1.00,1.00,1.00,1.00,1.00,1.00,1.00,1.00",,0.00,0.33,,
group of friends emoji,,20,"1.00,1.00,1.00,1.00,1.00,1.00,1.00,1.00,1.00,1.00,1.00,1.00",,0.00,0.33,,
group of people emoji copy and paste,,20,"1.00,1.00,1.00,1.00,1.00,1.00,1.00,1.00,1.00,1.00,1.00,1.00",,0.00,0.33,,
group people emoji,,20,"1.00,1.00,1.00,1.00,1.00,1.00,1.00,1.00,1.00,1.00,1.00,1.00",,0.00,0.33,,
group sex emoji,,20,"1.00,1.00,1.00,1.00,1.00,1.00,1.00,1.00,1.00,1.00,1.00,1.00",,0.00,0.33,,
group work emoji,,20,"1.00,1.00,1.00,1.00,1.00,1.00,1.00,1.00,1.00,1.00,1.00,1.00",,0.00,0.33,,
guess kpop group by emoji,,20,"1.00,1.00,1.00,1.00,1.00,1.00,1.00,1.00,1.00,1.00,1.00,1.00",,0.00,0.33,,
guess the kpop group by emoji,,20,"1.00,1.00,1.00,1.00,1.00,1.00,1.00,1.00,1.00,1.00,1.00,1.00",,0.00,0.33,,
guess the kpop group emoji,,20,"1.00,1.00,1.00,1.00,0.00,1.00,1.00,0.00,0.00,1.00,1.00,1.00",,0.00,0.00,,
heart emoji group,,20,"0.00,0.00,0.00,0.00,0.00,0.00,0.00,0.00,0.00,1.00,0.11,0.11",,0.00,0.33,,
hegseth group chat emojis,,20,"1.00,1.00,1.00,1.00,1.00,1.00,1.00,0.00,1.00,1.00,1.00,1.00",,0.00,0.33,,
houthi group chat emojis,,20,"1.00,0.18,0.18,0.18,0.18,0.18,0.00,0.00,0.18,0.18,0.18,0.18",,0.00,0.33,,
houthi pc small group chat emojis,,20,"1.00,0.18,0.18,0.18,0.18,0.18,0.00,0.00,0.00,0.00,0.00,0.18",,0.00,0.33,,
houthi pc small group emoji,,20,"1.00,0.00,0.00,0.00,0.00,0.00,0.00,0.00,0.00,0.00,0.00,0.00",,0.00,0.33,,
how to add emoji to teams chat group name,,20,"1.00,1.00,1.00,1.00,1.00,1.00,1.00,1.00,1.00,1.00,1.00,1.00",,0.00,0.33,,
how to enable emoji reactions on telegram group,,20,"1.00,1.00,1.00,1.00,1.00,1.00,1.00,1.00,1.00,1.00,1.00,1.00",,0.00,0.33,,
leaked group chat emojis,,20,"1.00,1.00,1.00,1.00,1.00,1.00,0.00,0.00,0.00,1.00,1.00,1.00",,0.00,0.00,,
pc small group emojis,,20,"1.00,1.00,1.00,1.00,1.00,1.00,1.00,1.00,1.00,0.00,1.00,0.00",,0.00,0.33,,
pete hegseth group chat emojis,,20,"1.00,1.00,1.00,1.00,1.00,1.00,1.00,1.00,1.00,1.00,1.00,1.00",,0.00,0.33,,
signal group chat leak emojis,,20,"1.00,1.00,1.00,1.00,1.00,1.00,1.00,1.00,1.00,1.00,1.00,1.00",,0.00,0.33,,
war group chat emojis,,20,"1.00,1.00,1.00,1.00,0.00,1.00,1.00,1.00,1.00,1.00,1.00,0.00",,0.00,0.00,,
whatsapp group names with emojis,,20,"1.00,1.00,0.00,1.00,1.00,1.00,0.00,1.00,1.00,1.00,1.00,1.00",,0.00,0.33,,
emoji challenge group chat,,10,"0.00,0.00,0.00,0.00,0.00,1.00,0.50,0.50,0.00,0.00,0.00,0.00",,0.00,0.33,,
emoji for friends group,,10,"1.00,1.00,0.00,1.00,1.00,0.00,0.00,0.00,0.00,0.00,0.00,0.00",,0.00,0.00,,
emoji group costume,,10,"0.00,0.00,0.00,0.00,0.00,1.00,0.50,0.00,0.00,0.00,0.00,0.00",,0.00,0.07,,
emoji group icon,,10,"0.00,1.00,1.00,1.00,1.00,1.00,0.00,0.00,0.00,1.00,1.00,1.00",,0.00,0.00,,
emoji group photo,,10,"1.00,0.00,0.00,0.00,1.00,1.00,1.00,1.00,0.00,1.00,1.00,1.00",,0.00,0.00,,
emoji pop groups,,10,"1.00,1.00,1.00,0.00,1.00,1.00,0.00,0.00,0.00,1.00,1.00,1.00",,0.00,0.00,,
emojis group chat,,10,"0.00,0.00,1.00,0.00,0.00,0.00,1.00,1.00,0.00,0.00,0.00,1.00",,0.00,0.00,,
emojis in group chat,,10,"1.00,1.00,0.00,0.00,0.00,0.00,1.00,0.00,1.00,1.00,0.00,1.00",,0.00,0.33,,
emojis in signal group chat,,10,"1.00,0.00,1.00,1.00,0.00,0.00,1.00,0.00,0.00,0.00,0.00,0.00",,0.00,0.00,,
emojis signal group chat,,10,"1.00,1.00,1.00,1.00,0.00,0.00,0.00,1.00,0.00,1.00,1.00,1.00",,0.00,0.33,,
group chat emoji,,10,"0.06,0.00,0.00,0.00,0.00,1.00,0.00,0.00,0.00,0.00,0.06,0.06",,0.00,0.33,,
group chat emoji snapchat,,10,"1.00,0.00,0.00,0.00,1.00,0.00,0.00,0.00,1.00,0.00,0.00,0.00",,0.00,0.33,,
group chat emojis signal,,10,"1.00,0.28,0.00,0.28,0.00,0.00,0.28,0.00,0.00,0.00,0.00,0.28",,0.00,0.33,,
group chat leaked emojis,,10,"1.00,1.00,0.00,1.00,0.00,0.00,0.00,1.00,0.00,0.00,0.00,0.00",,0.00,0.00,,
group emoji costumes,,10,"0.00,0.00,0.00,0.00,0.00,1.00,0.49,0.00,0.00,0.00,0.49,0.00",,0.00,0.07,,
group emoji halloween costumes,,10,"0.00,0.00,0.00,0.00,1.00,1.00,1.00,0.00,0.00,0.00,0.00,0.00",,0.00,0.00,,
group emoji images,,10,"0.00,1.00,1.00,0.00,1.00,1.00,0.00,1.00,0.00,1.00,1.00,1.00",,0.00,0.00,,
group friends emoji,,10,"1.00,0.00,0.00,1.00,0.00,1.00,1.00,0.00,1.00,1.00,1.00,1.00",,0.00,0.33,,
heart emoji music group,,10,"0.00,0.00,0.00,0.00,0.00,0.00,0.00,0.00,0.00,1.00,0.00,0.18",,0.00,0.33,,
hegseth group chat emoji,,10,"0.00,0.00,0.00,0.00,0.00,0.00,0.00,1.00,1.00,1.00,0.00,1.00",,0.00,0.33,,
people group emoji,,10,"0.00,0.40,0.00,0.40,0.40,0.00,0.00,0.00,0.00,0.00,0.00,1.00",,0.00,0.33,,
signal group chat emoji,,10,"1.00,0.11,0.00,0.00,0.00,0.00,0.00,0.00,0.00,0.00,0.00,0.00",,0.00,0.33,,
signal group emoji,,10,"1.00,1.00,0.00,1.00,1.00,0.00,0.00,1.00,0.00,0.00,1.00,1.00",,0.00,0.33,,
snapchat group chat emoji,,10,"1.00,1.00,1.00,1.00,1.00,0.00,0.00,0.00,0.00,1.00,1.00,1.00",,0.00,0.00,,
snapchat group emoji,,10,"0.00,1.00,0.00,0.00,1.00,0.00,0.00,0.00,1.00,0.00,0.00,0.00",,0.00,0.33,,
snapchat group emojis,,10,"0.00,1.00,1.00,1.00,1.00,0.00,1.00,0.00,0.00,1.00,1.00,1.00",,0.00,0.00,,
whatsapp emoji group,,10,"0.00,0.00,0.00,1.00,0.00,0.00,0.00,1.00,1.00,0.00,0.00,0.00",,0.00,0.33,,
3 star emoji group snapcha,,0,"0.00,0.00,0.00,0.00,0.00,0.00,0.00,0.00,0.00,0.00,0.00,0.00",,0.00,0.00,,
3d group emoji png,,0,"0.00,0.00,0.00,0.00,0.00,0.00,0.00,0.00,0.00,0.00,0.00,0.00",,0.00,0.00,,
69 emoji group chat,,0,"0.00,0.00,0.00,0.00,0.00,0.00,0.00,0.00,0.00,0.00,0.00,0.00",,0.00,0.00,,
a group of emoji telling moode,,0,"0.00,0.00,0.00,0.00,0.00,0.00,0.00,0.00,0.00,0.00,0.00,0.00",,0.00,0.00,,
add emoji to facebook group,,0,"0.00,0.00,0.00,0.00,0.00,0.00,0.00,0.00,0.00,0.00,0.00,0.00",,0.00,0.00,,
add emoji to teams group chat name,,0,"0.00,0.00,0.00,0.00,0.00,0.00,0.00,0.00,0.00,0.00,0.00,0.00",,0.00,0.00,,
add emoji to teams group name,,0,"0.00,0.00,0.00,0.00,0.00,0.00,0.00,0.00,0.00,0.00,0.00,0.00",,0.00,0.00,,
adding emoji in google group post,,0,"0.00,0.00,0.00,0.00,0.00,0.00,0.00,0.00,0.00,0.00,0.00,0.00",,0.00,0.00,,
adding groups on emoji blitz,,0,"0.00,0.00,0.00,0.00,0.00,0.00,0.00,0.00,0.00,0.00,0.00,0.00",,0.00,0.00,,
alternative media group emoji movie,,0,"0.00,0.00,0.00,0.00,0.00,0.00,0.00,0.00,0.00,0.00,0.00,0.00",,0.00,0.00,,
apple human interface group emoji,,0,"0.00,0.00,0.00,0.00,0.00,0.00,0.00,0.00,0.00,0.00,0.00,0.00",,0.00,0.00,,
archives xxx emojis group,,0,"0.00,0.00,0.00,0.00,0.00,0.00,0.00,0.00,0.00,0.00,0.00,0.00",,0.00,0.00,,
best discord emojis cook group,,0,"0.00,0.00,0.00,0.00,0.00,0.00,0.00,0.00,0.00,0.00,0.00,0.00",,0.00,0.00,,
birthday emoji group,,0,"0.00,0.00,0.00,0.00,0.00,0.00,0.00,0.00,0.00,0.00,0.00,0.00",,0.00,0.00,,
black girl cartoon emoji group me,,0,"0.00,0.00,0.00,0.00,0.00,0.00,0.00,0.00,0.00,0.00,0.00,0.00",,0.00,0.00,,
blue man group emoji answer,,0,"0.00,0.00,0.00,0.00,0.00,0.00,0.00,0.00,0.00,0.00,0.00,0.00",,0.00,0.00,,
blue man group emoji express,,0,"0.00,0.00,0.00,0.00,0.00,0.00,0.00,0.00,0.00,0.00,0.00,0.00",,0.00,0.00,,
blue man group emoji game,,0,"0.00,0.00,0.00,0.00,0.00,0.00,0.00,0.00,0.00,0.00,0.00,0.00",,0.00,0.00,,
blue man group emoji keyboard,,0,"0.00,0.00,0.00,0.00,0.00,0.00,0.00,0.00,0.00,0.00,0.00,0.00",,0.00,0.00,,
blue man group emoji xpress,,0,"0.00,0.00,0.00,0.00,0.00,0.00,0.00,0.00,0.00,0.00,0.00,0.00",,0.00,0.00,,
blue man group in emoji 2,,0,"0.00,0.00,0.00,0.00,0.00,0.00,0.00,0.00,0.00,0.00,0.00,0.00",,0.00,0.00,,
bottom looking for pnp groups and bjs emojis,,0,"0.00,0.00,0.00,0.00,0.00,0.00,0.00,0.00,0.00,0.00,0.00,0.00",,0.00,0.00,,
bttom looking for groups and bjs emojis,,0,"0.00,0.00,0.00,0.00,0.00,0.00,0.00,0.00,0.00,0.00,0.00,0.00",,0.00,0.00,,
can you add custom emojis to group dms on discord,,0,"0.00,0.00,0.00,0.00,0.00,0.00,0.00,0.00,0.00,0.00,0.00,0.00",,0.00,0.00,,
can you guess the kpop group by emojis,,0,"0.00,0.00,0.00,0.00,0.00,0.00,0.00,0.00,0.00,0.00,0.00,0.00",,0.00,0.00,,
can you put emojis in teams group names,,0,"0.00,0.00,0.00,1.00,0.00,0.00,0.00,0.00,0.00,0.00,0.00,0.00",,0.00,0.00,,
change default quick emojis for messenger group chats,,0,"0.00,0.00,0.00,0.00,0.00,0.00,0.00,0.00,0.00,0.00,0.00,0.00",,0.00,0.00,,
change emoji on facebook messenger group,,0,"0.00,0.00,0.00,0.00,0.00,0.00,0.00,0.00,0.00,0.00,0.00,0.00",,0.00,0.00,,
change fb group emoji,,0,"0.00,0.00,0.00,0.00,0.00,0.00,0.00,0.00,0.00,0.00,0.00,0.00",,0.00,0.00,,
change group chat emoji,,0,"0.00,0.00,0.00,0.00,0.00,0.00,0.00,0.00,0.00,0.00,0.00,0.00",,0.00,0.00,,
change group emoji facebook,,0,"0.00,0.00,0.00,0.00,0.00,0.00,0.00,0.00,0.00,0.00,0.00,0.00",,0.00,0.00,,
changing discord group name to emoji,,0,"0.00,0.00,0.00,0.00,0.00,0.00,0.00,0.00,0.00,0.00,0.00,0.00",,0.00,0.00,,
choose any emoji for messenger group chat,,0,"0.00,0.00,0.00,0.00,0.00,0.00,0.00,0.00,0.00,0.00,0.00,0.00",,0.00,0.00,,
christian music groups with emojis,,0,"0.00,0.00,0.00,0.00,0.00,0.00,0.00,0.00,0.00,0.00,0.00,0.00",,0.00,0.00,,
cool emoji group names,,0,"0.00,0.00,0.00,0.00,0.00,0.00,0.00,0.00,0.00,0.00,0.00,0.00",,0.00,0.00,,
cool group chat names with emojis,,0,"0.00,0.00,0.00,0.00,0.00,0.00,0.00,0.00,0.00,0.00,0.00,0.00",,0.00,0.00,,
create four groups of four emoji,,0,"0.00,0.00,0.00,0.00,0.00,0.00,0.00,0.00,0.00,0.00,0.00,0.00",,0.00,0.00,,
create four groups of four emoji game,,0,"0.00,0.00,0.00,0.00,0.00,0.00,0.00,0.00,0.00,0.00,0.00,0.00",,0.00,0.00,,
create four groups of four emojis,,0,"0.00,0.00,0.00,0.00,0.00,0.00,0.00,0.00,0.00,0.00,0.00,0.00",,0.00,0.00,,
create groups of 4 emoji,,0,"0.00,0.00,0.00,0.00,0.00,0.00,0.00,0.00,0.00,0.00,0.00,0.00",,0.00,0.00,,
create groups of 4 game emoji,,0,"0.00,0.00,0.00,0.00,0.00,0.00,0.00,0.00,0.00,0.00,0.00,0.00",,0.00,0.00,,
create groups of four emoji,,0,"0.00,0.00,0.00,0.00,0.00,0.00,0.00,0.00,0.00,0.00,0.00,0.00",,0.00,0.00,,
custom facebook group emoji,,0,"0.00,0.00,0.00,0.00,0.00,0.00,0.00,0.00,0.00,0.00,0.00,0.00",,0.00,0.00,,
cute emoji group,,0,"0.00,0.00,0.00,0.00,0.00,0.00,0.00,0.00,0.00,0.00,0.00,0.00",,0.00,0.00,,
cute emoji groupings blue,,0,"0.00,0.00,0.00,0.00,0.00,0.00,0.00,0.00,0.00,0.00,0.00,0.00",,0.00,0.00,,
cute emoji groups,,0,"0.00,0.00,0.00,0.00,0.00,0.00,0.00,0.00,0.00,0.00,0.00,0.00",,0.00,0.00,,
cute group of emojis,,0,"0.00,0.00,0.00,0.00,0.00,0.00,0.00,0.00,0.00,0.00,0.00,0.00",,0.00,0.00,,
disable emojis on group,,0,"0.00,0.00,0.00,0.00,0.00,0.00,0.00,0.00,0.00,0.00,0.00,0.00",,0.00,0.00,,
disable emojis on whatsapp group,,0,"0.00,0.00,0.00,0.00,0.00,0.00,0.00,0.00,0.00,0.00,0.00,0.00",,0.00,0.00,,
disable emojis skype group,,0,"0.00,0.00,0.00,0.00,0.00,0.00,0.00,0.00,0.00,0.00,0.00,0.00",,0.00,0.00,,
discord crown group chat emoji,,0,"0.00,0.00,0.00,0.00,0.00,0.00,0.00,0.00,0.00,0.00,0.00,0.00",,0.00,0.00,,
discord group emoji,,0,"0.00,0.00,0.00,0.00,0.00,0.00,0.00,0.00,0.00,0.00,0.00,0.00",,0.00,0.00,,
discord group emoji split,,0,"0.00,0.00,0.00,0.00,0.00,0.00,0.00,0.00,0.00,0.00,0.00,0.00",,0.00,0.00,,
discord group emojis,,0,"0.00,0.00,0.00,0.00,0.00,0.00,0.00,0.00,0.00,0.00,0.00,0.00",,0.00,0.00,,
discord groups for emojis,,0,"0.00,0.00,0.00,0.00,0.00,0.00,0.00,0.00,0.00,0.00,0.00,0.00",,0.00,0.00,,
discord upload custom emoji to group,,0,"0.00,0.00,0.00,0.00,0.00,0.00,0.00,0.00,0.00,0.00,0.00,0.00",,0.00,0.00,,
discord upload custom emoji to group chat,,0,"0.00,0.00,0.00,0.00,0.00,0.00,0.00,0.00,0.00,0.00,0.00,0.00",,0.00,0.00,,
discord use custom emoji in group dm,,0,"0.00,0.00,0.00,0.00,0.00,0.00,0.00,0.00,0.00,0.00,0.00,0.00",,0.00,0.00,,
disney emoji blitz character groups,,0,"0.00,0.00,0.00,0.00,0.00,0.00,0.00,0.00,0.00,0.00,0.00,0.00",,0.00,0.00,,
disney emoji blitz facebook group,,0,"0.00,0.00,0.00,0.00,0.00,0.00,0.00,0.00,0.00,0.00,0.00,0.00",,0.00,0.00,,
disney emoji blitz game groups,,0,"0.00,0.00,0.00,0.00,0.00,0.00,0.00,0.00,0.00,0.00,0.00,0.00",,0.00,0.00,,
disney emoji blitz group collection box,,0,"0.00,0.00,0.00,0.00,0.00,0.00,0.00,0.00,0.00,0.00,0.00,0.00",,0.00,0.00,,
disney emoji blitz group collection prizes,,0,"0.00,0.00,0.00,0.00,0.00,0.00,0.00,0.00,0.00,0.00,0.00,0.00",,0.00,0.00,,
disney emoji blitz mission groups,,0,"0.00,0.00,0.00,0.00,0.00,0.00,0.00,0.00,0.00,0.00,0.00,0.00",,0.00,0.00,,
disney emoji blitz monsters inc group,,0,"0.00,0.00,0.00,0.00,0.00,0.00,0.00,0.00,0.00,0.00,0.00,0.00",,0.00,0.00,,
disney emoji blitz new groups,,0,"0.00,0.00,0.00,0.00,0.00,0.00,0.00,0.00,0.00,0.00,0.00,0.00",,0.00,0.00,,
disney emoji blitz princess group,,0,"0.00,0.00,0.00,0.00,0.00,0.00,0.00,0.00,0.00,0.00,0.00,0.00",,0.00,0.00,,
disney emoji group collections,,0,"0.00,0.00,0.00,0.00,0.00,0.00,0.00,0.00,0.00,0.00,0.00,0.00",,0.00,0.00,,
disney emoji groups,,0,"0.00,0.00,0.00,0.00,0.00,0.00,0.00,0.00,0.00,0.00,0.00,0.00",,0.00,0.00,,
disney plus group watch emojis,,0,"0.00,0.00,0.00,0.00,0.00,0.00,0.00,0.00,0.00,0.00,0.00,0.00",,0.00,0.00,,
does group me have poop emoji,,0,"0.00,0.00,0.00,0.00,0.00,0.00,0.00,0.00,0.00,0.00,0.00,0.00",,0.00,0.00,,
elementary group work rubric with emojis,,0,"0.00,0.00,0.00,0.00,0.00,0.00,0.00,0.00,0.00,0.00,0.00,0.00",,0.00,0.00,,
emoji 2 blue man group,,0,"0.00,0.00,0.00,0.00,0.00,0.00,0.00,0.00,0.00,0.00,0.00,0.00",,0.00,0.00,,
emoji abuser support group,,0,"0.00,0.00,0.00,0.00,0.00,0.00,0.00,0.00,0.00,0.00,0.00,0.00",,0.00,0.00,,
emoji as group name facebook,,0,"0.00,0.00,0.00,0.00,0.00,0.00,0.00,0.00,0.00,0.00,0.00,0.00",,0.00,0.00,,
emoji blitz group collection box,,0,"0.00,0.00,0.00,0.00,0.00,0.00,0.00,0.00,0.00,0.00,0.00,0.00",,0.00,0.00,,
emoji blitz group collections,,0,"0.00,0.00,0.00,0.00,0.00,0.00,0.00,0.00,0.00,0.00,0.00,0.00",,0.00,0.00,,
emoji blitz groups,,0,"0.00,0.00,0.00,0.00,0.00,0.00,0.00,0.00,0.00,0.00,0.00,0.00",,0.00,0.00,,
emoji blitz new groups,,0,"0.00,0.00,0.00,0.00,0.00,0.00,0.00,0.00,0.00,0.00,0.00,0.00",,0.00,0.00,,
emoji blue man group,,0,"0.00,0.00,0.00,0.00,0.00,0.00,0.00,0.00,0.00,0.00,0.00,0.00",,0.00,0.00,,
emoji caption groups,,0,"0.00,0.00,0.00,0.00,0.00,0.00,0.00,0.00,0.00,0.00,0.00,0.00",,0.00,0.00,,
emoji christmas group,,0,"0.00,0.00,0.00,0.00,0.00,0.00,0.00,0.00,0.00,0.00,0.00,0.00",,0.00,0.00,,
emoji class room saying of bright group,,0,"0.00,0.00,0.00,0.00,0.00,0.00,0.00,0.00,0.00,0.00,0.00,0.00",,0.00,0.00,,
emoji focus group,,0,"0.00,0.00,0.00,0.00,0.00,0.00,0.00,0.00,0.00,0.00,0.00,0.00",,0.00,0.00,,
emoji for family group chat,,0,"0.00,0.00,0.00,0.00,0.00,0.00,0.00,0.00,0.00,0.00,0.00,0.00",,0.00,0.00,,
emoji for group of children image,,0,"0.00,0.00,0.00,0.00,0.00,0.00,0.00,0.00,0.00,0.00,0.00,0.00",,0.00,0.00,,
emoji game blue man group,,0,"0.00,0.00,0.00,0.00,0.00,0.00,0.00,0.00,0.00,0.00,0.00,0.00",,0.00,0.00,,
emoji grindr glossary for parrty group,,0,"0.00,0.00,0.00,0.00,0.00,0.00,0.00,0.00,0.00,0.00,0.00,0.00",,0.00,0.00,,
emoji group challenge,,0,"0.00,0.00,0.00,0.00,0.00,0.00,0.00,0.00,0.00,0.00,0.00,0.00",,0.00,0.00,,
emoji group dp,,0,"0.00,0.00,0.00,0.00,0.00,0.00,0.00,0.00,0.00,0.00,0.00,0.00",,0.00,0.00,,
emoji group halloween costumes,,0,"0.00,0.00,0.00,0.00,0.00,0.00,0.00,0.00,0.00,0.00,0.00,0.00",,0.00,0.33,,
emoji group hug,,0,"0.00,0.00,0.00,0.00,0.00,0.00,0.00,0.00,0.00,0.00,0.00,0.00",,0.00,0.00,,
emoji group images,,0,"0.00,0.00,0.00,0.00,0.00,0.00,0.00,1.00,0.00,0.00,0.00,0.00",,0.00,0.00,,
emoji group quiz,,0,"0.00,0.00,0.00,0.00,0.00,0.00,0.00,0.00,0.00,0.00,0.00,0.00",,0.00,0.00,,
emoji group t shirts,,0,"0.00,0.00,0.00,0.00,0.00,0.00,0.00,0.00,0.00,0.00,0.00,0.00",,0.00,0.00,,
emoji group talk,,0,"0.00,0.00,0.00,0.00,0.00,0.00,0.00,0.00,0.00,0.00,0.00,0.00",,0.00,0.00,,
emoji group work,,0,"0.00,0.00,0.00,0.00,0.00,0.00,0.00,0.00,0.00,0.00,0.00,0.00",,0.00,0.00,,
emoji groupe,,0,"0.00,0.00,0.00,0.00,0.00,0.00,0.00,0.00,0.00,0.00,0.00,0.00",,0.00,0.33,,
emoji groups,,0,"0.00,0.00,0.00,0.00,0.00,0.00,0.00,0.00,0.00,0.00,0.00,0.00",,0.00,0.33,,
emoji halloween costume group,,0,"0.00,0.00,0.00,0.00,0.00,1.00,1.00,0.00,0.00,0.00,0.00,0.00",,0.00,0.00,,
emoji happy group,,0,"0.00,0.00,0.00,0.00,0.00,0.00,0.00,0.00,0.00,0.00,0.00,0.00",,0.00,0.00,,
emoji in group name roblox,,0,"0.00,0.00,0.00,0.00,0.00,0.00,0.00,0.00,0.00,0.00,0.00,0.00",,0.00,0.00,,
emoji in teams group name,,0,"0.00,0.00,0.00,0.00,0.00,0.00,0.00,0.00,0.00,0.00,0.00,0.00",,0.00,0.00,,
emoji keyboard answers blue man group,,0,"0.00,0.00,0.00,0.00,0.00,0.00,0.00,0.00,0.00,0.00,0.00,0.00",,0.00,0.00,,
emoji keyboard blue man group,,0,"0.00,0.00,0.00,0.00,0.00,0.00,0.00,0.00,0.00,0.00,0.00,0.00",,0.00,0.00,,
emoji meaning snapchat group,,0,"0.00,0.00,0.00,0.00,0.00,0.00,0.00,0.00,0.00,0.00,0.00,0.00",,0.00,0.00,,
emoji movie topics for youth groups,,0,"0.00,0.00,0.00,0.00,0.00,0.00,0.00,0.00,0.00,0.00,0.00,0.00",,0.00,0.00,,
emoji music group quiz,,0,"0.00,0.00,0.00,0.00,0.00,0.00,0.00,0.00,0.00,0.00,0.00,0.00",,0.00,0.00,,
emoji music groups,,0,"0.00,0.00,0.00,0.00,0.00,0.00,0.00,0.00,0.00,0.00,0.00,0.00",,0.00,0.00,,
emoji name the pop group,,0,"0.00,0.00,0.00,0.00,0.00,0.00,0.00,0.00,0.00,0.00,0.00,0.00",,0.00,0.00,,
emoji next to group chat snapchat,,0,"0.00,0.00,0.00,0.00,0.00,0.00,0.00,0.00,0.00,0.00,0.00,0.00",,0.00,0.00,,
emoji not sending on iphone in group message,,0,"0.00,0.00,0.00,0.00,0.00,0.00,0.00,0.00,0.00,0.00,0.00,0.00",,0.00,0.00,,
emoji on group chat snapchat,,0,"0.00,0.00,0.00,0.00,0.00,0.00,0.00,0.00,0.00,0.00,0.00,0.00",,0.00,0.00,,
emoji on snapchat group chat,,0,"0.00,0.00,0.00,0.00,0.00,0.00,0.00,0.00,0.00,0.00,0.00,0.00",,0.00,0.00,,
emoji pop group quiz,,0,"0.00,0.00,0.00,0.00,0.00,0.00,0.00,0.00,0.00,0.00,0.00,0.00",,0.00,0.00,,
emoji pop group quiz answers,,0,"0.00,0.00,0.00,0.00,0.00,0.00,0.00,0.00,0.00,0.00,0.00,0.00",,0.00,0.00,,
emoji pop groups answers,,0,"0.00,0.00,0.00,0.00,0.00,0.00,0.00,0.00,0.00,0.00,0.00,0.00",,0.00,0.00,,
emoji porn group,,0,"0.00,0.00,0.00,0.00,0.00,0.00,0.00,0.00,0.00,0.00,0.00,0.00",,0.00,0.00,,
emoji porn group sex,,0,"0.00,0.00,0.00,0.00,0.00,0.00,0.00,0.00,0.00,0.00,0.00,0.00",,0.00,0.00,,
emoji regulating group,,0,"0.00,0.00,0.00,0.00,0.00,0.00,0.00,0.00,0.00,0.00,0.00,0.00",,0.00,0.00,,
emoji shirts for group,,0,"0.00,0.00,0.00,0.00,0.00,0.00,0.00,0.00,0.00,0.00,0.00,0.00",,0.00,0.00,,
emoji t shirts for group,,0,"0.00,0.00,0.00,0.00,0.00,0.00,0.00,0.00,0.00,0.00,0.00,0.00",,0.00,0.00,,
emoji unicode groups,,0,"0.00,0.00,0.00,0.00,0.00,0.00,0.00,0.00,0.00,0.00,0.00,0.00",,0.00,0.00,,
emoji working group,,0,"0.00,0.00,0.00,0.00,0.00,0.00,0.00,0.00,0.00,0.00,0.00,0.00",,0.00,0.00,,
emoji youth group games,,0,"0.00,0.00,0.00,0.00,0.00,0.00,0.00,0.00,0.00,0.00,0.00,0.00",,0.00,0.00,,
emojis for a support group,,0,"0.00,0.00,0.00,0.00,0.00,0.00,0.00,0.00,0.00,0.00,0.00,0.00",,0.00,0.00,,
emojis for family group chat,,0,"0.00,0.00,0.00,0.00,0.00,0.00,0.00,0.00",,0.00,0.00,,
emojis that work on steam groups,,0,"0.00,0.00,0.00,0.00,0.00,0.00,0.00,0.00,0.00,0.00,0.00,0.00",,0.00,0.00,,
emojis xxx group,,0,"0.00,0.00,0.00,0.00,0.00,0.00,0.00,0.00,0.00,0.00,0.00,0.00",,0.00,0.00,,
emojis xxx group archives,,0,"0.00,0.00,0.00,0.00,0.00,0.00,0.00,0.00,0.00,0.00,0.00,0.00",,0.00,0.00,,
excited group whatsapp emoji,,0,"0.00,0.00,0.00,0.00,0.00,0.00,0.00,0.00,0.00,0.00,0.00,0.00",,0.00,0.00,,
facebook emojis groups removed,,0,"0.00,0.00,0.00,0.00,0.00,0.00,0.00,0.00,0.00,0.00,0.00,0.00",,0.00,0.00,,
facebook group chat custom emoji,,0,"0.00,0.00,0.00,0.00,0.00,0.00,0.00,0.00,0.00,0.00,0.00,0.00",,0.00,0.00,,
facebook group chat emoji,,0,"0.00,0.00,0.00,0.00,0.00,0.00,0.00,0.00,0.00,0.00,0.00,0.00",,0.00,0.00,,
facebook group emoji games,,0,"0.00,0.00,0.00,0.00,0.00,0.00,0.00,0.00,0.00,0.00,0.00,0.00",,0.00,0.00,,
facebook messenger change group emoji,,0,"0.00,0.00,0.00,0.00,0.00,0.00,0.00,0.00,0.00,0.00,0.00,0.00",,0.00,0.00,,
facebook messenger custom group emoji,,0,"0.00,0.00,0.00,0.00,0.00,0.00,0.00,0.00,0.00,0.00,0.00,0.00",,0.00,0.00,,
facebook messenger group chat emoji,,0,"0.00,0.00,0.00,0.00,0.00,0.00,0.00,0.00,0.00,0.00,0.00,0.00",,0.00,0.00,,
facebook messenger group chat emoji changed back to default,,0,"0.00,0.00,0.00,0.00,0.00,0.00,0.00,0.00,0.00,0.00,0.00,0.00",,0.00,0.00,,
facetime group calls tweet emoji,,0,"0.00,0.00,0.00,0.00,0.00,0.00,0.00,0.00,0.00,0.00,0.00,0.00",,0.00,0.00,,
family group chat emojis,,0,"0.00,0.00,0.00,0.00,0.00,0.00,0.00,0.00,0.00,0.00,0.00,0.00",,0.00,0.00,,
family group name with emoji,,0,"0.00,0.00,0.00,0.00,0.00,0.00,0.00,0.00,0.00,0.00,0.00,0.00",,0.00,0.00,,
fb group angry emoji comment certain members scam,,0,"0.00,0.00,0.00,0.00,0.00,0.00,0.00,0.00,0.00,0.00,0.00,0.00",,0.00,0.00,,
fb group angry emoji my comments members scam,,0,"0.00,0.00,0.00,0.00,0.00,0.00,0.00,0.00,0.00,0.00,0.00,0.00",,0.00,0.00,,
female sign emoji group,,0,"0.00,0.00,0.00,0.00,0.00,0.00,0.00,0.00,0.00,0.00,0.00,0.00",,0.00,0.00,,
flash keyboard emoji group,,0,"0.00,0.00,0.00,0.00,0.00,0.00,0.00,0.00,0.00,0.00,0.00,0.00",,0.00,0.00,,
flash keyboard emoji group apk download,,0,"0.00,0.00,0.00,0.00,0.00,0.00,0.00,0.00,0.00,0.00,0.00,0.00",,0.00,0.00,,
focus group emoji,,0,"0.00,0.00,0.00,0.00,0.00,0.00,0.00,0.00,0.00,0.00,0.00,0.00",,0.00,0.00,,
friend group emoji,,0,"0.00,0.00,0.00,1.00,0.00,0.00,0.00,0.00,0.00,0.00,0.00,0.00",,0.00,0.33,,
funny emoji groups,,0,"0.00,0.00,0.00,0.00,0.00,0.00,0.00,0.00,0.00,0.00,0.00,0.00",,0.00,0.00,,
funny grouped emojis to send your friends,,0,"0.00,0.00,0.00,0.00,0.00,0.00,0.00,0.00,0.00,0.00,0.00,0.00",,0.00,0.00,,
get vampire emoji for facebook group chat,,0,"0.00,0.00,0.00,0.00,0.00,0.00,0.00,0.00,0.00,0.00,0.00,0.00",,0.00,0.00,,
girl group emoji,,0,"0.00,0.00,0.00,0.00,0.00,0.00,0.00,0.00,0.00,0.00,0.00,0.00",,0.00,0.00,,
google emoji group,,0,"0.00,0.00,0.00,0.00,0.00,0.00,0.00,0.00,0.00,0.00,0.00,0.00",,0.00,0.00,,
google group chat emojis,,0,"0.00,0.00,0.00,0.00,0.00,0.00,0.00,0.00,0.00,0.00,0.00,0.00",,0.00,0.00,,
google groups emojis in the subject line,,0,"0.00,0.00,0.00,0.00,0.00,0.00,0.00,0.00,0.00,0.00,0.00,0.00",,0.00,0.00,,
group announcement emoji usage guide,,0,0.00,,0.00,0.00,,
group biking emojis,,0,"0.00,0.00,0.00,0.00,0.00,0.00,0.00,0.00,0.00,0.00,0.00,0.00",,0.00,0.00,,
group chat leaked emoji,,0,"0.00,0.00,0.00,0.00,0.00,0.00,0.00,0.00,0.00,0.00,0.00,0.00",,0.00,0.00,,
group collection emoji blitz,,0,"0.00,0.00,0.00,0.00,0.00,0.00,0.00,0.00,0.00,0.00,0.00,0.00",,0.00,0.00,,
group collection emoji blitz with lucky patcher,,0,"0.00,0.00,0.00,0.00,0.00,0.00,0.00,0.00,0.00,0.00,0.00,0.00",,0.00,0.00,,
group collections box emoji blitz,,0,"0.00,0.00,0.00,0.00,0.00,0.00,0.00,0.00,0.00,0.00,0.00,0.00",,0.00,0.00,,
group collections emoji blitz,,0,"0.00,0.00,0.00,0.00,0.00,0.00,0.00,0.00,0.00,0.00,0.00,0.00",,0.00,0.00,,
group conversation bubble emoji,,0,"0.00,0.00,0.00,0.00,0.00,0.00,0.00,0.00,0.00,0.00,0.00,0.00",,0.00,0.00,,
group costume emojis,,0,"0.00,0.00,0.00,0.00,0.00,0.00,0.00,0.00,0.00,0.00,0.00,0.00",,0.00,0.00,,
group emoji creator for holidy photo,,0,"0.00,0.00,0.00,0.00,0.00,0.00,0.00,0.00,0.00,0.00,0.00,0.00",,0.00,0.00,,
group emoji facebook messenger,,0,"0.00,0.00,0.00,0.00,0.00,0.00,0.00,0.00,0.00,0.00,0.00,0.00",,0.00,0.00,,
group emoji iphone,,0,"0.00,0.00,0.00,0.00,0.00,0.00,0.00,0.00,0.00,0.00,0.00,0.00",,0.00,0.00,,
group emoji meanings,,0,"0.00,0.00,0.00,0.00,0.00,0.00,0.00,0.00,0.00,0.00,0.00,0.00",,0.00,0.00,,
group emoji messenger,,0,"0.00,0.00,0.00,0.00,0.00,0.00,0.00,0.00,0.00,0.00,0.00,0.00",,0.00,0.00,,
group emoji people,,0,"0.00,0.00,0.00,0.00,0.00,0.00,0.00,0.00,0.00,0.00,0.00,0.00",,0.00,0.00,,
group emoji pics,,0,"0.00,0.00,0.00,0.00,0.00,0.00,0.00,0.00,0.00,0.00,0.00,0.00",,0.00,0.00,,
group emoji t shirts,,0,"0.00,0.00,0.00,0.00,0.00,0.00,0.00,0.00,0.00,0.00,0.00,0.00",,0.00,0.00,,
group facetime 70 emojis,,0,"0.00,0.00,0.00,0.00,0.00,0.00,0.00,0.00,0.00,0.00,0.00,0.00",,0.00,0.00,,
group family emoji,,0,"0.00,0.00,0.00,0.00,0.00,0.00,0.00,0.00,0.00,0.00,0.00,0.00",,0.00,0.00,,
group happy emoji,,0,"0.00,0.00,0.00,0.00,0.00,0.00,0.00,0.00,0.00,0.00,0.00,0.00",,0.00,0.00,,
group heart emoji,,0,"0.00,0.00,0.00,0.00,0.00,0.00,0.00,0.00,0.00,0.00,0.00,0.00",,0.00,0.00,,
group hug gif emoji,,0,"0.00,0.00,0.00,0.00,0.00,0.00,0.00,0.00,0.00,0.00,0.00,0.00",,0.00,0.00,,
group icon emoji,,0,"0.00,0.00,0.00,0.00,0.00,0.00,0.00,0.00,0.00,0.00,0.00,0.00",,0.00,0.00,,
group lync emojis,,0,"0.00,0.00,0.00,0.00,0.00,0.00,0.00,0.00,0.00,0.00,0.00,0.00",,0.00,0.00,,
group me emoji,,0,"0.00,0.00,0.00,0.00,0.00,0.00,0.00,0.00,0.00,0.00,0.00,0.00",,0.00,0.33,,
group me emoji over text,,0,"0.00,0.00,0.00,0.00,0.00,0.00,0.00,0.00,0.00,0.00,0.00,0.00",,0.00,0.00,,
group me star wars emojis,,0,"0.00,0.00,0.00,0.00,0.00,0.00,0.00,0.00,0.00,0.00,0.00,0.00",,0.00,0.00,,
group names for emojis,,0,"0.00,0.00,0.00,0.00,0.00,0.00,0.00,0.00,0.00,0.00,0.00,0.00",,0.00,0.00,,
group of emojis iphone,,0,"0.00,0.00,0.00,0.00,0.00,0.00,0.00,0.00,0.00,0.00,0.00,0.00",,0.00,0.00,,
group of emojis showed up on computer toolbar,,0,"0.00,0.00,0.00,0.00,0.00,0.00,0.00,0.00,0.00,0.00,0.00,0.00",,0.00,0.00,,
group of emotional emojis,,0,"0.00,0.00,0.00,0.00,0.00,0.00,0.00,0.00,0.00,0.00,0.00,0.00",,0.00,0.00,,
group of fire emojis,,0,"0.00,0.00,0.00,0.00,0.00,0.00,0.00,0.00,0.00,0.00,0.00,0.00",,0.00,0.00,,
group of funny emojis,,0,"0.00,0.00,0.00,0.00,0.00,0.00,0.00,0.00,0.00,0.00,0.00,0.00",,0.00,0.00,,
group of funny emojis iphone,,0,"0.00,0.00,0.00,0.00,0.00,0.00,0.00,0.00,0.00,0.00,0.00,0.00",,0.00,0.00,,
group of heart emojis,,0,"0.00,0.00,0.00,0.00,0.00,0.00,0.00,0.00,0.00,0.00,0.00,0.00",,0.00,0.00,,
group of kids emoji,,0,"0.00,0.00,0.00,0.00,0.00,0.00,0.00,0.00,0.00,0.00,0.00,0.00",,0.00,0.00,,
group of meh face emojis,,0,"0.00,0.00,0.00,0.00,0.00,0.00,0.00,0.00,0.00,0.00,0.00,0.00",,0.00,0.00,,
group of peoiple emoji,,0,"0.00,0.00,0.00,0.00,0.00,0.00,0.00,0.00,0.00,0.00,0.00,0.00",,0.00,0.00,,
group of people emojie,,0,"0.00,0.00,0.00,0.00,0.00,0.00,0.00,0.00,0.00,0.00,0.00,0.00",,0.00,0.00,,
group of sad emojis,,0,"0.00,0.00,0.00,0.00,0.00,0.00,0.00,0.00,0.00,0.00,0.00,0.00",,0.00,0.00,,
group of smiley emojis,,0,"0.00,0.00,0.00,0.00,0.00,0.00,0.00,0.00,0.00,0.00,0.00,0.00",,0.00,0.00,,
group play emoji clipart black and white,,0,"0.00,0.00,0.00,0.00,0.00,0.00,0.00,0.00,0.00,0.00,0.00,0.00",,0.00,0.00,,
group sex emojis,,0,"0.00,0.00,0.00,0.00,0.00,0.00,0.00,0.00,0.00,0.00,0.00,0.00",,0.00,0.00,,
group think emoji,,0,"0.00,0.00,0.00,0.00,0.00,0.00,0.00,0.00,0.00,0.00,0.00,0.00",,0.00,0.00,,
groupe emoji,,0,"0.00,0.00,0.00,0.00,0.00,0.00,0.00,0.00,0.00,0.00,0.00,0.00",,0.00,0.00,,
groups of emojis,,0,"0.00,0.00,0.00,0.00,0.00,0.00,0.00,0.00,0.00,0.00,0.00,0.00",,0.00,0.33,,
groups of friends emoji,,0,"0.00,0.00,0.00,0.00,0.00,0.00,0.00,0.00,0.00,0.00,0.00,0.00",,0.00,0.00,,
groups use emojis,,0,"0.00,0.00,0.00,0.00,0.00,0.00,0.00,0.00,0.00,0.00,0.00,0.00",,0.00,0.00,,
guess kpop groups by emojis,,0,"0.00,0.00,0.00,0.00,0.00,0.00,0.00,0.00,0.00,0.00,0.00,0.00",,0.00,0.00,,
guess the emoji group chat,,0,"0.00,0.00,0.00,0.00,0.00,0.00,0.00,0.00,0.00,0.00,0.00,0.00",,0.00,0.00,,
guess the kpop group by emoji with answers,,0,"0.00,0.00,0.00,0.00,0.00,0.00,0.00,0.00,0.00,0.00,0.00,0.00",,0.00,0.00,,
heart emoji groups,,0,"0.00,0.00,0.00,0.00,0.00,0.00,0.00,0.00,0.00,0.00,0.00,0.00",,0.00,0.00,,
houthi group chat emoji,,0,"1.00,0.00,0.00,0.00,0.00,0.00,0.00,0.00,0.00,0.00,0.00,0.00",,0.00,0.33,,
houthi pc small group chat emoji,,0,"1.00,0.00,0.00,0.00,0.00,0.00,0.00,0.00,0.00,0.00,0.00,0.00",,0.00,0.00,,
how different age groups use emojis,,0,"0.00,0.00,0.00,0.00,0.00,0.00,0.00,0.00,0.00,0.00,0.00,0.00",,0.00,0.00,,
how do kpop groups get their own emoji,,0,"0.00,0.00,0.00,0.00,0.00,0.00,0.00,0.00,0.00,0.00,0.00,0.00",,0.00,0.00,,
how to add emoji in teams group name,,0,"0.00,0.00,0.00,0.00,0.00,0.00,0.00,0.00,0.00,0.00,0.00,0.00",,0.00,0.00,,
how to add emoji on teams group name,,0,"0.00,0.00,0.00,0.00,0.00,0.00,0.00,0.00,0.00,0.00,0.00,0.00",,0.00,0.00,,
how to add emoji to teams group chat name,,0,"0.00,0.00,0.00,0.00,0.00,0.00,0.00,0.00,0.00,0.00,0.00,0.00",,0.00,0.00,,
how to add emoji to teams group name,,0,"0.00,0.00,0.00,0.00,0.00,0.00,0.00,0.00,0.00,0.00,0.00,0.00",,0.00,0.00,,
how to add emoji's to facebook group,,0,"0.00,0.00,0.00,0.00,0.00,0.00,0.00,0.00,0.00,0.00,0.00,0.00",,0.00,0.00,,
how to add emojis in your discord group,,0,"0.00,0.00,0.00,0.00,0.00,0.00,0.00,0.00,0.00,0.00,0.00,0.00",,0.00,0.00,,
how to change facebook group emoji,,0,"0.00,0.00,0.00,0.00,0.00,0.00,0.00,0.00,0.00,0.00,0.00,0.00",,0.00,0.00,,
how to change group chat emoji facebook,,0,"0.00,0.00,0.00,0.00,0.00,0.00,0.00,0.00,0.00,0.00,0.00,0.00",,0.00,0.00,,
how to change group chat emoji facebook to 69,,0,"0.00,0.00,0.00,0.00,0.00,0.00,0.00,0.00,0.00,0.00,0.00,0.00",,0.00,0.00,,
how to change group chat emoji fb,,0,"0.00,0.00,0.00,0.00,0.00,0.00,0.00,0.00,0.00,0.00,0.00,0.00",,0.00,0.00,,
how to change group emoji,,0,"0.00,0.00,0.00,0.00,0.00,0.00,0.00,0.00,0.00,0.00,0.00,0.00",,0.00,0.00,,
how to change the thumbs up emoji in group chat,,0,"0.00,0.00,0.00,0.00,0.00,0.00,0.00,0.00,0.00,0.00,0.00,0.00",,0.00,0.00,,
how to create a private group with emojis,,0,"0.00,0.00,0.00,0.00,0.00,0.00,0.00,0.00,0.00,0.00,0.00,0.00",,0.00,0.00,,
how to put emoji in teams group name,,0,"0.00,0.00,0.00,0.00,0.00,0.00,0.00,0.00,0.00,0.00,0.00,0.00",,0.00,0.00,,
how to put emojis in teams group name,,0,"0.00,0.00,0.00,0.00,0.00,0.00,0.00,0.00,0.00,0.00,0.00,0.00",,0.00,0.00,,
how to remove emoji from group.message,,0,"0.00,0.00,0.00,0.00,0.00,0.00,0.00,0.00,0.00,0.00,0.00,0.00",,0.00,0.00,,
how to send emoji through group texts android,,0,"0.00,0.00,0.00,0.00,0.00,0.00,0.00,0.00,0.00,0.00,0.00,0.00",,0.00,0.00,,
how to send emojis in disney plus group watch,,0,"0.00,0.00,0.00,0.00,0.00,0.00,0.00,0.00,0.00,0.00,0.00,0.00",,0.00,0.00,,
how to send emojis on disney group watch,,0,"0.00,0.00,0.00,0.00,0.00,0.00,0.00,0.00,0.00,0.00,0.00,0.00",,0.00,0.00,,
how to set emoji for group,,0,"0.00,0.00,0.00,0.00,0.00,0.00,0.00,0.00,0.00,0.00,0.00,0.00",,0.00,0.00,,
how to set emoji for group on mac,,0,"0.00,0.00,0.00,0.00,0.00,0.00,0.00,0.00,0.00,0.00,0.00,0.00",,0.00,0.00,,
how to temove emoji from group chat,,0,"0.00,0.00,0.00,0.00,0.00,0.00,0.00,0.00,0.00,0.00,0.00,0.00",,0.00,0.00,,
idenifying country groups with emojis,,0,"0.00,0.00,0.00,0.00,0.00,0.00,0.00,0.00,0.00,0.00,0.00,0.00",,0.00,0.00,,
iphone text group emojis,,0,"0.00,0.00,0.00,0.00,0.00,0.00,0.00,0.00,0.00,0.00,0.00,0.00",,0.00,0.00,,
jd vance emoji group chat,,0,"0.00,0.00,0.00,0.00,0.00,0.00,0.00,0.00,0.00",,0.00,0.00,,
keep it a secret emoji group,,0,"1.00,0.00,0.00,0.00,0.00,0.00,0.00,0.00,0.00,0.00,0.00",,0.00,0.00,,
kick out of group emoji,,0,"0.00,0.00,0.00,0.00,0.00,0.00,0.00,0.00,0.00,0.00,0.00,0.00",,0.00,0.00,,
kicked out of group emoji,,0,"0.00,0.00,0.00,0.00,0.00,0.00,0.00,0.00,0.00,0.00,0.00,0.00",,0.00,0.00,,
kidney bean emoji truth group,,0,"1.00,0.00,0.00,0.00,1.00,0.00,0.00,0.00,0.00,0.00,0.00,0.00",,0.00,0.00,,
kiss rock group emoji,,0,"0.00,0.00,0.00,0.00,0.00,0.00,0.00,0.00,0.00,0.00,0.00,0.00",,0.00,0.00,,
kpop group emojis,,0,"0.00,0.00,0.00,0.00,0.00,0.00,0.00,0.00,0.00,0.00,0.00,0.00",,0.00,0.00,,
kpop groups with emoji,,0,"0.00,0.00,0.00,0.00,0.00,0.00,0.00,0.00,0.00,0.00,0.00,0.00",,0.00,0.00,,
kpop groups with emojis in their names,,0,"0.00,0.00,0.00,0.00,0.00,0.00,0.00,0.00,0.00,0.00,0.00,0.00",,0.00,0.00,,
kpop groups with official emoji,,0,"0.00,0.00,0.00,0.00,0.00,0.00,0.00,0.00,0.00,0.00,0.00,0.00",,0.00,0.00,,
larry david group chat emoji clip,,0,"0.00,0.00,0.00,0.00,0.00,0.00,0.00,0.00,0.00,0.00,0.00,0.00",,0.00,0.00,,
leaked group chat emoji,,0,"0.00,0.00,0.00,0.00,0.00,0.00,0.00,0.00,0.00,0.00,0.00,0.00",,0.00,0.00,,
making a group emoji,,0,"0.00,0.00,0.00,0.00,0.00,0.00,0.00,0.00,0.00,0.00,0.00,0.00",,0.00,0.00,,
maxing a group disney emoji blitz,,0,"0.00,0.00,0.00,0.00,0.00,0.00,0.00,0.00,0.00,0.00,0.00,0.00",,0.00,0.00,,
messenger emoji games in group chat,,0,"0.00,0.00,0.00,0.00,0.00,0.00,0.00,0.00,0.00,0.00,0.00,0.00",,0.00,0.00,,
messenger group chat emoji,,0,"0.00,0.00,0.00,0.00,0.00,0.00,0.00,0.00,0.00,0.00,0.00,0.00",,0.00,0.00,,
messenger group emoji remove,,0,"0.00,0.00,0.00,0.00,0.00,0.00,0.00,0.00,0.00,0.00,0.00,0.00",,0.00,0.00,,
messenger group message emoji remove,,0,"0.00,0.00,0.00,0.00,0.00,0.00,0.00,0.00,0.00,0.00,0.00,0.00",,0.00,0.00,,
messenger groups custom group emoji,,0,"0.00,0.00,0.00,0.00,0.00,0.00,0.00,0.00,0.00,0.00,0.00,0.00",,0.00,0.00,,
music group emoji,,0,"0.00,0.00,0.00,0.00,0.00,0.00,0.00,0.00,0.00,0.00,0.00,0.00",,0.00,0.00,,
music group emoji quiz,,0,"0.00,0.00,0.00,0.00,0.00,0.00,0.00,0.00,0.00,0.00,0.00,0.00",,0.00,0.00,,
music groups names emojis,,0,"0.00,0.00,0.00,0.00,0.00,0.00,0.00,0.00,0.00,0.00,0.00,0.00",,0.00,0.00,,
music groups using emojis,,0,"0.00,0.00,0.00,0.00,0.00,0.00,0.00,0.00,0.00,0.00,0.00,0.00",,0.00,0.00,,
music groups with emojis,,0,"0.00,0.00,0.00,0.00,0.00,0.00,0.00,0.00,0.00,0.00,0.00,0.00",,0.00,0.00,,
music groups you can put a name of an emojis,,0,"0.00,0.00,0.00,0.00,0.00,0.00,0.00,0.00,0.00,0.00,0.00,0.00",,0.00,0.00,,
name the pop group emoji,,0,"0.00,0.00,0.00,0.00,0.00,0.00,0.00,0.00,0.00,0.00,0.00,0.00",,0.00,0.00,,
name the pop group emoji quiz,,0,"0.00,0.00,0.00,0.00,0.00,0.00,0.00,0.00,0.00,0.00,0.00,0.00",,0.00,0.00,,
name the pop group emoji quiz answers,,0,"0.00,0.00,0.00,0.00,0.00,0.00,0.00,0.00,0.00,0.00,0.00,0.00",,0.00,0.00,,
name the pop group emojis,,0,"0.00,0.00,0.00,0.00,0.00,0.00,0.00,0.00,0.00,0.00,0.00,0.00",,0.00,0.00,,
new disney emoji blitz groups,,0,"0.00,0.00,0.00,0.00,0.00,0.00,0.00,0.00,0.00,0.00,0.00,0.00",,0.00,0.00,,
new emojis group me,,0,"0.00,0.00,0.00,0.00,0.00,0.00,0.00,0.00,0.00,0.00,0.00,0.00",,0.00,0.00,,
nielsen norman group emoji usability guidelines,,0,"0.00,0.00,0.00,0.00",,0.00,0.00,,
party gay bottom looking for group emoji code,,0,"0.00,0.00,0.00,0.00,0.00,0.00,0.00,0.00,0.00,0.00,0.00,0.00",,0.00,0.00,,
party guy bottom looking for group emoji code,,0,"0.00,0.00,0.00,0.00,0.00,0.00,0.00,0.00,0.00,0.00,0.00,0.00",,0.00,0.00,,
peace emoji on snapchat group,,0,"0.00,0.00,0.00,0.00,0.00,0.00,0.00,0.00,0.00,0.00,0.00,0.00",,0.00,0.00,,
peace emoji snapchat group,,0,"0.00,0.00,0.00,0.00,0.00,0.00,0.00,0.00,0.00,0.00,0.00,0.00",,0.00,0.00,,
peace emoji snapchat group chat,,0,"0.00,0.00,0.00,0.00,0.00,0.00,0.00,0.00,0.00,0.00,0.00,0.00",,0.00,0.00,,
peace sign emoji on snapchat group chat,,0,"0.00,0.00,0.00,0.00,0.00,0.00,0.00,0.00,0.00,0.00,0.00,0.00",,0.00,0.00,,
peace sign emoji on snapchat meaning group chat,,0,"0.00,0.00,0.00,0.00,0.00,0.00,0.00,0.00,0.00,0.00,0.00,0.00",,0.00,0.00,,
peace sign emoji snapchat group,,0,"0.00,0.00,0.00,0.00,0.00,0.00,0.00,0.00,0.00,0.00,0.00,0.00",,0.00,0.00,,
peace sign emoji snapchat group chat,,0,"0.00,0.00,0.00,0.00,0.00,0.00,0.00,0.00,0.00,0.00,0.00,0.00",,0.00,0.00,,
political group rose emoji,,0,"0.00,0.00,0.00,0.00,0.00,0.00,0.00,0.00,0.00,0.00,0.00,0.00",,0.00,0.00,,
pop group emoji quiz,,0,"0.00,0.00,0.00,0.00,0.00,0.00,0.00,0.00,0.00,0.00,0.00,0.00",,0.00,0.00,,
pop group emoji quiz 30,,0,"0.00,0.00,0.00,0.00,0.00,0.00,0.00,0.00,0.00,0.00,0.00,0.00",,0.00,0.00,,
pop group emoji quiz answers,,0,"0.00,0.00,0.00,0.00,0.00,0.00,0.00,0.00,0.00,0.00,0.00,0.00",,0.00,0.00,,
pop group emojis,,0,"0.00,0.00,0.00,0.00,0.00,0.00,0.00,0.00,0.00,0.00,0.00,0.00",,0.00,0.00,,
pop groups in emojis,,0,"0.00,0.00,0.00,0.00,0.00,0.00,0.00,0.00,0.00,0.00,0.00,0.00",,0.00,0.00,,
princess group emoji blitz,,0,"0.00,0.00,0.00,0.00,0.00,0.00,0.00,0.00,0.00,0.00,0.00,0.00",,0.00,0.00,,
rock group kiss emoji,,0,"0.00,0.00,0.00,0.00,0.00,0.00,0.00,0.00,0.00,0.00,0.00,0.00",,0.00,0.00,,
rocket chat custom emoji groups,,0,"0.00,0.00,0.00,0.00,0.00,0.00,0.00,0.00,0.00,0.00,0.00,0.00",,0.00,0.00,,
rose emoji political group,,0,"0.00,0.00,0.00,0.00,0.00,0.00,0.00,0.00,0.00,0.00,0.00,0.00",,0.00,0.00,,
s7 cant add groups on emoji blitz,,0,"0.00,0.00,0.00,0.00,0.00,0.00,0.00,0.00,0.00,0.00,0.00,0.00",,0.00,0.00,,
set emoji for group chat,,0,"0.00,0.00,0.00,0.00,0.00,0.00,0.00,0.00,0.00,0.00,0.00,0.00",,0.00,0.00,,
signal group emojis,,0,"0.00,0.00,0.00,0.00,0.00,0.00,0.00,0.00,0.00,0.00,0.00,0.00",,11.10,0.01,,
silly group up emoji,,0,"0.00,0.00,0.00,0.00,0.00,0.00,0.00,0.00,0.00,0.00,0.00,0.00",,0.00,0.00,,
small group emoji,,0,"0.00,0.00,0.00,0.00,0.00,0.00,0.00,0.00,0.00,0.00,0.00,0.00",,0.00,0.00,,
snapchat emoji stickers group chat,,0,"0.00,0.00,0.00,0.00,0.00,0.00,0.00,0.00,0.00,0.00,0.00,0.00",,0.00,0.00,,
snapchat emoji with member of group,,0,"0.00,0.00,0.00,0.00,0.00,0.00,0.00,0.00,0.00,0.00,0.00,0.00",,0.00,0.00,,
snapchat emojis group chat,,0,"0.00,0.00,0.00,0.00,0.00,0.00,0.00,0.00,0.00,0.00,0.00,0.00",,0.00,0.00,,
snapchat group chat emoji meanings,,0,"0.00,0.00,0.00,0.00,0.00,0.00,0.00,0.00,0.00,0.00,0.00,0.00",,0.00,0.00,,
snapchat group chat emojis,,0,"0.00,0.00,0.00,0.00,0.00,0.00,0.00,0.00,0.00,0.00,0.00,0.00",,0.00,0.00,,
snapchat group chat pick a friend for emoji,,0,"0.00,0.00,0.00,0.00,0.00,0.00,0.00,0.00,0.00,0.00,0.00,0.00",,0.00,0.00,,
snapchat group chat star emoji,,0,"0.00,0.00,0.00,0.00,0.00,0.00,0.00,0.00,0.00,0.00,0.00,0.00",,0.00,0.00,,
snapchat group emoji meaning,,0,"0.00,0.00,0.00,0.00,0.00,0.00,0.00,0.00,0.00,0.00,0.00,0.00",,0.00,0.00,,
snapchat group star emoji,,0,"0.00,0.00,0.00,0.00,0.00,0.00,0.00,0.00,0.00,0.00,0.00,0.00",,0.00,0.00,,
snapchat peace sign emoji group chat,,0,"0.00,0.00,0.00,0.00,0.00,0.00,0.00,0.00,0.00,0.00,0.00,0.00",,0.00,0.00,,
snapchat stars emoji group,,0,"0.00,0.00,0.00,0.00,0.00,0.00,0.00,0.00,0.00,0.00,0.00,0.00",,0.00,0.00,,
star emoji snapchat group,,0,"0.00,0.00,0.00,0.00,0.00,0.00,0.00,0.00,0.00,0.00,0.00,0.00",,0.00,0.00,,
steam group emojis,,0,"0.00,0.00,0.00,0.00,0.00,0.00,0.00,0.00,0.00,0.00,0.00,0.00",,0.00,0.00,,
stoned group of emojis,,0,"0.00,0.00,0.00,0.00,0.00,0.00,0.00,0.00,0.00,0.00,0.00,0.00",,0.00,0.00,,
t mobile commercial talking emojis group messafe,,0,"0.00,0.00,0.00,0.00,0.00,0.00,0.00,0.00,0.00,0.00,0.00,0.00",,0.00,0.00,,
t mobile commercial talking emojis group message,,0,"0.00,0.00,0.00,0.00,0.00,0.00,0.00,0.00,0.00,0.00,0.00,0.00",,0.00,0.00,,
teams group chat name emoji,,0,"0.00,0.00,0.00,0.00,0.00,0.00,0.00,0.00,0.00,0.00,0.00,0.00",,0.00,0.00,,
teams group name emoji,,0,"0.00,1.00,0.00,0.00,0.00,0.00,0.00,0.00,0.00,0.00,0.00,0.00",,0.00,0.00,,
text to speech emoji group chat,,0,"0.00,0.00,0.00,0.00,0.00,0.00,0.00,0.00,0.00,0.00,0.00,0.00",,0.00,0.33,,
trump group chat atlantic emoji,,0,"0.00,0.00,0.00,0.00,0.00,0.00,0.00,0.00,0.00,0.00,0.00,0.00",,0.00,0.00,,
trump group chat emoji,,0,"0.00,0.00,0.00,0.00,0.00,0.00,0.00,0.00,0.00,0.00,0.00,0.00",,0.00,0.00,,
trump group chat emojis,,0,"0.00,0.00,0.00,0.00,0.00,0.00,0.00,0.00,0.00,0.00,0.00,0.00",,0.00,0.00,,
twinkle emoji snapchat group,,0,"0.00,0.00,0.00,0.00,0.00,0.00,0.00,0.00,0.00,0.00,0.00,0.00",,0.00,0.00,,
us group chat emojis,,0,"0.00,0.00,0.00,0.00,0.00,0.00,0.00,0.00,0.00,0.00,0.00,0.00",,0.00,0.00,,
using custom discord emojis outside of group,,0,"0.00,0.00,0.00,0.00,0.00,0.00,0.00,0.00,0.00,0.00,0.00,0.00",,0.00,0.00,,
what age group is the emoji movie in,,0,"0.00,0.00,0.00,0.00,0.00,0.00,0.00,0.00,0.00,0.00,0.00,0.00",,0.00,0.00,,
what age group uses emojis the most,,0,"0.00,0.00,0.00,0.00,0.00,0.00,0.00,0.00,0.00,0.00,0.00,0.00",,0.00,0.00,,
what does a group of emoji eyes mean,,0,"0.00,0.00,0.00,0.00,0.00,0.00,0.00,0.00,0.00,0.00,0.00,0.00",,0.00,0.00,,
what does the peace emoji mean on snap group chat,,0,"0.00,0.00,0.00,0.00,0.00,0.00,0.00,0.00,0.00,0.00,0.00,0.00",,0.00,0.00,,
what does the peace emoji mean on snapchat group chat,,0,"0.00,0.00,0.00,0.00,0.00,0.00,0.00,0.00,0.00,0.00,0.00,0.00",,0.00,0.00,,
what does the peace sign emoji mean on snapchat group,,0,"0.00,0.00,0.00,0.00,0.00,0.00,0.00,0.00,0.00,0.00,0.00,0.00",,0.00,0.00,,
what is blue man group in emoji,,0,"0.00,0.00,0.00,0.00,0.00,0.00,0.00,0.00,0.00,0.00,0.00,0.00",,0.00,0.00,,
which animal group has the most emojis,,0,"0.00,0.00,0.00,0.00,0.00,0.00,0.00,0.00,0.00,0.00,0.00,0.00",,0.00,0.00,,
why are my group me emojis blue,,0,"0.00,0.00,0.00,0.00,0.00,0.00,0.00,0.00,0.00,0.00,0.00,0.00",,0.00,0.00,,
woman shrugging book female sign emoji group,,0,"0.00,0.00,0.00,0.00,0.00,0.00,0.00,0.00,0.00,0.00,0.00,0.00",,0.00,0.00,,
woman shrugging emoji group,,0,"0.00,0.00,0.00,0.00,0.00,0.00,0.00,0.00,0.00,0.00,0.00,0.00",,0.00,0.00,,
woman shrugging emoji group meaning,,0,"0.00,0.00,0.00,0.00,0.00,0.00,0.00,0.00,0.00,0.00,0.00,0.00",,0.00,0.00,,
xxx emojis group sex,,0,"0.00,0.00,0.00,0.00,0.00,0.00,0.00,0.00,0.00,0.00,0.00,0.00",,0.00,0.00,,
xxx group emoji transparent,,0,"0.00,0.00,0.00,0.00,0.00,0.00,0.00,0.00,0.00,0.00,0.00,0.00",,0.00,0.00,,
xxx group emojis,,0,"0.00,0.00,0.00,0.00,0.00,0.00,0.00,0.00,0.00,0.00,0.00,0.00",,0.00,0.00,,
zoom group chat emoji,,0,"0.00,0.00,0.00,0.00,0.00,0.00,0.00,0.00,0.00,0.00,0.00,0.00",,0.00,0.00,,
