Keyword,Position,Previous position,Search Volume,Keyword Difficulty,CPC,URL,Traffic,Traffic (%),Traffic Cost,Competition,Number of Results,Trends,Timestamp,SERP Features by Keyword,Keyword Intents,Position Type
boarders copy and paste,32,32,210,0,0.00,https://www.symbolscopyandpaste.com/corner-symbols.html,0,0,0.00,0,103,"0, 0, 0, 2, 0, 100, 0, 0, 0, 0, 0, 0",2026-05-15,"Image pack, Sitelinks, Video, Related searches",informational,Organic
text borders copy and paste,28,28,140,0,0.00,https://www.symbolscopyandpaste.com/corner-symbols.html,0,0,0.00,0,124,"66, 66, 66, 80, 80, 52, 42, 52, 52, 80, 100, 66",2026-05-18,Related searches,informational,Organic
text borders copy and paste,31,31,140,0,0.00,https://www.symbolscopyandpaste.com/corner-symbols.html,0,0,0.00,0,124,"66, 66, 66, 80, 80, 52, 42, 52, 52, 80, 100, 66",2026-05-18,Related searches,informational,Organic
aesthetic borders copy and paste,32,32,320,0,0.00,https://www.symbolscopyandpaste.com/corner-symbols.html,0,0,0.00,0,130,"13, 10, 10, 13, 20, 13, 16, 20, 16, 8, 5, 4",2026-05-26,Related searches,informational,Organic
aesthetic border copy and paste,37,37,70,0,0.00,https://www.symbolscopyandpaste.com/corner-symbols.html,0,0,0.00,0.33,131,"14, 0, 0, 22, 18, 14, 10, 4, 2, 29, 18, 35",2026-06-04,Related searches,informational,Organic
borders copy and paste,48,48,880,1,0.00,https://www.symbolscopyandpaste.com/corner-symbols.html,0,0,0.00,0,24700000,"36, 36, 41, 30, 30, 24, 20, 36, 30, 36, 54, 30",2026-05-05,"Image pack, Video, Image, Related searches",informational,Organic
border symbol copy and paste,39,39,140,1,0.00,https://www.symbolscopyandpaste.com/corner-symbols.html,0,0,0.00,0.33,138,"42, 42, 53, 100, 80, 42, 53, 34, 26, 80, 65, 80",2026-06-08,"Image pack, People also ask, Related searches",informational,Organic
border symbol copy and paste,40,40,140,1,0.00,https://www.symbolscopyandpaste.com/corner-symbols.html,0,0,0.00,0.33,138,"42, 42, 53, 100, 80, 42, 53, 34, 26, 80, 65, 80",2026-06-08,"Image pack, People also ask, Related searches",informational,Organic
border symbol copy and paste,50,50,140,1,0.00,https://www.symbolscopyandpaste.com/corner-symbols.html,0,0,0.00,0.33,138,"42, 42, 53, 100, 80, 42, 53, 34, 26, 80, 65, 80",2026-06-08,"Image pack, People also ask, Related searches",informational,Organic
fancy borders copy and paste,67,67,90,2,0.00,https://www.symbolscopyandpaste.com/corner-symbols.html,0,0,0.00,0,120,"5, 6, 8, 5, 4, 5, 5, 4, 5, 4, 4, 3",2026-05-10,"Image pack, Video, Image, Related searches",informational,Organic
border symbols copy and paste,29,29,140,4,0.00,https://www.symbolscopyandpaste.com/corner-symbols.html,0,0,0.00,0,8690000,"42, 33, 42, 42, 52, 100, 100, 80, 80, 66, 80, 80",2026-05-02,"Image, Related searches",informational,Organic
copy and paste text borders,37,37,110,4,0.00,https://www.symbolscopyandpaste.com/corner-symbols.html,0,0,0.00,0,20800000,"66, 52, 33, 66, 80, 23, 23, 52, 42, 66, 100, 66",2026-05-10,"Image pack, Video, Related searches",informational,Organic
copy and paste borders,48,48,1300,6,0.00,https://www.symbolscopyandpaste.com/corner-symbols.html,0,0,0.00,0,23800000,"100, 41, 36, 54, 66, 36, 54, 54, 41, 30, 54, 54",2026-04-25,"Image pack, Image, Related searches",informational,Organic
pi infinite sum copy paste,47,47,880,8,0.00,https://www.symbolscopyandpaste.com/maths-symbols.html,0,0,0.00,0,80,"100, 0",2026-05-19,"Sitelinks, Video, People also ask, Related searches, AI overview",informational,Organic
china symbols copy and paste,52,46,110,9,0.00,https://www.symbolscopyandpaste.com/chinese-symbols.html,0,0,0.00,0.33,141,"4, 66, 4, 4, 4, 4, 4, 4, 4, 4, 81, 100",2026-06-11,"Video, Related searches",informational,Organic
bracket symbols copy and paste,79,79,110,9,0.00,https://www.symbolscopyandpaste.com/bracket-symbols.html,0,0,0.00,0,1690000,"52, 5, 52, 82, 82, 82, 64, 82, 100, 64, 100, 64",2026-04-25,"Image, People also ask, Related searches",informational,Organic
number symbols copy paste,41,41,90,10,0.00,https://www.symbolscopyandpaste.com/number-symbols.html,0,0,0.00,0.33,98,"34, 42, 42, 34, 26, 42, 53, 34, 26, 34, 26, 42",2026-06-07,"Video, People also ask, Related searches",informational,Organic
vertical dotted line copy and paste,53,53,40,11,0.00,https://www.symbolscopyandpaste.com/line-symbols.html,0,0,0.00,0.33,115000000,"11, 11, 11, 11, 23, 100, 11, 11, 11, 11, 11, 11",2026-04-23,"Image pack, Video, Image, People also ask, Related searches",informational,Organic
copy and paste border symbols,36,36,90,12,0.00,https://www.symbolscopyandpaste.com/corner-symbols.html,0,0,0.00,0,8120000,"35, 50, 50, 35, 78, 100, 100, 78, 78, 50, 64, 100",2026-05-03,"Sitelinks, Image, Related searches",navigational,Organic
quotation symbol copy paste,43,43,40,15,0.00,https://www.symbolscopyandpaste.com/punctuation-symbols.html,0,0,0.00,0.33,77,"14, 14, 14, 14, 14, 14, 14, 14, 14, 78, 14, 100",2026-04-30,"Image pack, Video, Image, Related searches",informational,Organic
brackets symbol copy and paste,54,54,70,15,0.00,https://www.symbolscopyandpaste.com/bracket-symbols.html,0,0,0.00,0,113,"26, 0, 15, 42, 53, 34, 42, 15, 19, 26, 19, 15",2026-05-15,"Video, Image, People also ask, Related searches",informational,Organic
line symbols copy paste,14,14,50,15,0.00,https://www.symbolscopyandpaste.com/line-symbols.html,0,0,0.00,0,93,"14, 21, 21, 35, 28, 21, 21, 64, 64, 21, 64, 64",2026-05-20,Related searches,informational,Organic
triangle symbol in text,43,43,170,15,0.00,https://www.symbolscopyandpaste.com/triangle-symbols.html,0,0,0.00,0,97,"100, 43, 21, 28, 65, 53, 43, 34, 81, 53, 34, 34",2026-05-23,"Image pack, Video, Image, People also ask, Related searches, AI overview",informational,Organic
copy and paste chinese symbols,42,42,390,15,0.00,https://www.symbolscopyandpaste.com/chinese-symbols.html,0,0,0.00,0,13100000,"45, 55, 55, 16, 13, 20, 24, 36, 13, 20, 13, 24",2026-05-10,"Video, Image, People also ask, Related searches",informational,Organic
parentheses copy and paste,82,82,140,16,0.00,https://www.symbolscopyandpaste.com/bracket-symbols.html,0,0,0.00,0,4680000,"66, 80, 66, 80, 66, 52, 66, 80, 100, 66, 52, 66",2026-04-25,"Video, Image, People also ask, Related searches",informational,Organic
punctuation copy and paste,83,83,140,16,0.00,https://www.symbolscopyandpaste.com/punctuation-symbols.html,0,0,0.00,0,12400000,"15, 9, 15, 19, 15, 15, 15, 12, 15, 15, 29, 54",2026-04-27,"Image, Related searches",informational,Organic
quotation mark copy paste,49,49,110,16,0.00,https://www.symbolscopyandpaste.com/punctuation-symbols.html,0,0,0.00,0,4030000,"23, 8, 0, 6, 11, 0, 11, 18, 28, 44, 54, 3",2026-05-13,"Sitelinks, Video, Image, People also ask, Related searches",informational,Organic
borders copy paste,37,37,210,16,0.00,https://www.symbolscopyandpaste.com/corner-symbols.html,0,0,0.00,0.33,110,"0, 24, 0, 10, 13, 36, 20, 0, 0, 76, 0, 0",2026-06-03,"Video, Related searches",informational,Organic
brackets to copy and paste,63,63,260,16,0.00,https://www.symbolscopyandpaste.com/bracket-symbols.html,0,0,0.00,0.33,93,"11, 72, 5, 7, 5, 17, 59, 21, 39, 17, 17, 39",2026-05-29,"Video, People also ask, Related searches",informational,Organic
chinese copy and paste symbols,80,80,210,16,0.00,https://www.symbolscopyandpaste.com/chinese-symbols.html,0,0,0.00,0,12200000,"44, 23, 29, 23, 23, 19, 29, 12, 10, 36, 15, 29",2026-05-06,"Image pack, Image, People also ask, Related searches",informational,Organic
text border copy paste,49,49,170,16,0.00,https://www.symbolscopyandpaste.com/corner-symbols.html,0,0,0.00,0,67200000,"66, 54, 54, 43, 43, 0, 6, 29, 43, 29, 66, 10",2026-04-18,"Sitelinks, Video, Image, Related searches",informational,Organic
text border copy paste,61,61,170,16,0.00,https://www.symbolscopyandpaste.com/corner-symbols.html,0,0,0.00,0,67200000,"66, 54, 54, 43, 43, 0, 6, 29, 43, 29, 66, 10",2026-04-18,"Sitelinks, Video, Image, Related searches",informational,Organic
latin letters copy paste,60,60,110,17,0.00,https://www.symbolscopyandpaste.com/latin-symbols.html,0,0,0.00,0.33,112,"64, 41, 82, 64, 64, 52, 82, 64, 64, 64, 52, 64",2026-06-08,"Video, Related searches",informational,Organic
latin letters copy paste,64,64,110,17,0.00,https://www.symbolscopyandpaste.com/latin-symbols.html,0,0,0.00,0.33,112,"64, 41, 82, 64, 64, 52, 82, 64, 64, 64, 52, 64",2026-06-08,"Video, Related searches",informational,Organic
copy and paste lines,39,39,590,17,0.00,https://www.symbolscopyandpaste.com/line-symbols.html,0,0,0.00,0.33,100,"7, 20, 16, 8, 10, 13, 8, 20, 13, 20, 16, 20",2026-06-09,Related searches,informational,Organic
lines copy paste,26,26,170,17,0.00,https://www.symbolscopyandpaste.com/line-symbols.html,0,0,0.00,0,638000000,"81, 6, 29, 0, 44, 6, 6, 0, 100, 0, 0, 0",2026-04-28,"Image, Related searches",informational,Organic
line to copy and paste,26,26,50,17,0.00,https://www.symbolscopyandpaste.com/line-symbols.html,0,0,0.00,0.33,131,"1, 0, 4, 4, 6, 5, 4, 6, 15, 0, 23, 15",2026-05-29,"Image pack, Video, People also ask, Related searches",informational,Organic
2 line copy,37,37,110,17,0.00,https://www.symbolscopyandpaste.com/line-symbols.html,0,0,0.00,0.33,104,"52, 100, 100, 33, 33, 52, 80, 52, 19, 33, 33, 33",2026-06-02,"Image pack, People also ask, Related searches",informational,Organic
2 line copy,40,40,110,17,0.00,https://www.symbolscopyandpaste.com/line-symbols.html,0,0,0.00,0.33,104,"52, 100, 100, 33, 33, 52, 80, 52, 19, 33, 33, 33",2026-06-02,"Image pack, People also ask, Related searches",informational,Organic
male symbol copy and paste,37,37,90,17,0.00,https://www.symbolscopyandpaste.com/male-female-people-smiley-symbols.html,0,0,0.00,0.33,24300000,"100, 11, 64, 64, 64, 82, 52, 41, 41, 29, 41, 11",2026-05-02,"Video, Image, People also ask, Related searches",informational,Organic
male symbol copy and paste,38,38,90,17,0.00,https://www.symbolscopyandpaste.com/male-female-people-smiley-symbols.html,0,0,0.00,0.33,24300000,"100, 11, 64, 64, 64, 82, 52, 41, 41, 29, 41, 11",2026-05-02,"Video, Image, People also ask, Related searches",informational,Organic
small apostrophe copy paste,65,65,390,17,0.00,https://www.symbolscopyandpaste.com/,0,0,0.00,0.33,101,"55, 13, 100, 13, 13, 13, 13, 13, 30, 13, 13, 13",2026-06-03,"Video, People also ask, Related searches",informational,Organic
straight line text symbol,19,19,50,17,0.00,https://www.symbolscopyandpaste.com/line-symbols.html,0,0,0.00,0.33,75,"5, 5, 5, 43, 5, 5, 5, 5, 43, 5, 43, 5",2026-05-19,"Video, People also ask, Related searches",informational,Organic
straight line emoji,47,47,140,17,0.00,https://www.symbolscopyandpaste.com/line-symbols.html,0,0,0.00,0,29700000,"82, 82, 82, 64, 82, 64, 64, 82, 82, 82, 82, 64",2026-05-03,"Image pack, Video, Image, People also ask, Related searches",informational,Organic
triangle copy paste symbol,40,40,40,18,0.00,https://www.symbolscopyandpaste.com/triangle-symbols.html,0,0,0.00,0.33,98,"2, 2, 2, 2, 2, 2, 2, 2, 2, 12, 19, 2",2026-05-16,"Image pack, Video, Image, People also ask, Related searches",informational,Organic
quotations marks copy and paste,60,60,90,18,0.00,https://www.symbolscopyandpaste.com/punctuation-symbols.html,0,0,0.00,0,968000,"0, 0, 12, 12, 12, 66, 7, 7, 17, 23, 100, 5",2026-04-20,"Sitelinks, Video, Image, Related searches",informational,Organic
line keyboard symbol,42,42,90,18,0.00,https://www.symbolscopyandpaste.com/line-symbols.html,0,0,0.00,0.33,107,"50, 50, 50, 78, 78, 64, 64, 50, 50, 64, 64, 50",2026-06-08,"Image pack, Video, Image, People also ask, AI overview",informational,Organic
triangle symbol text,44,44,260,18,0.00,https://www.symbolscopyandpaste.com/triangle-symbols.html,0,0,0.00,0,93,"54, 28, 28, 23, 35, 54, 23, 28, 23, 54, 81, 66",2026-05-27,"Image pack, Video, Image, People also ask, Related searches, AI overview",informational,Organic
brackets copy and paste,44,44,1000,18,0.00,https://www.symbolscopyandpaste.com/bracket-symbols.html,0,0,0.00,0.33,90,"52, 37, 52, 46, 37, 52, 52, 68, 37, 68, 84, 100",2026-05-31,"People also ask, Related searches",informational,Organic
chinese symbols copy paste,21,21,170,18,0.00,https://www.symbolscopyandpaste.com/chinese-symbols.html,0,0,0.00,0,15700000,"66, 53, 53, 43, 53, 43, 35, 28, 23, 28, 17, 82",2026-05-13,"Video, Image, Related searches",informational,Organic
font triangle,53,53,110,18,0.00,https://www.symbolscopyandpaste.com/triangle-symbols.html,0,0,0.00,0,107,"54, 18, 8, 18, 18, 18, 10, 35, 54, 22, 18, 29",2026-05-25,"Image pack, Video, Image, People also ask, Related searches",informational,Organic
bracket copy paste,57,57,390,18,0.00,https://www.symbolscopyandpaste.com/bracket-symbols.html,0,0,0.00,0.33,10100000,"23, 0, 54, 23, 44, 36, 67, 19, 67, 29, 100, 44",2026-06-03,"Video, Image, People also ask, Related searches",informational,Organic
quote copy paste,84,84,110,18,0.00,https://www.symbolscopyandpaste.com/punctuation-symbols.html,0,0,0.00,0,139000000,"64, 41, 41, 64, 64, 64, 52, 64, 82, 64, 64, 82",2026-04-19,"Image, Related searches",informational,Organic
latin letters copy and paste,75,75,140,18,0.00,https://www.symbolscopyandpaste.com/latin-symbols.html,0,0,0.00,0,17500000,"17, 17, 14, 14, 14, 14, 11, 14, 17, 11, 14, 11",2026-04-28,"Video, People also ask, Related searches",informational,Organic
brackets copy paste,60,60,720,18,0.00,https://www.symbolscopyandpaste.com/bracket-symbols.html,0,0,0.00,0.33,95,"55, 55, 55, 30, 67, 76, 55, 36, 20, 67, 36, 67",2026-06-09,"Video, People also ask, Related searches",informational,Organic
arrowhead symbol text,47,47,1300,18,0.00,https://www.symbolscopyandpaste.com/arrows-symbols.html,0,0,0.00,0,4300000,"8, 84, 68, 84, 68, 84, 5, 25, 68, 68, 84, 84",2026-04-21,"Image pack, Video, Image, Related searches, AI overview",informational,Organic
line copy and paste horizontal,60,60,90,18,0.00,https://www.symbolscopyandpaste.com/line-symbols.html,0,0,0.00,0,103,"50, 78, 78, 78, 100, 100, 64, 14, 21, 50, 64, 28",2026-05-18,"Video, People also ask, Related searches",informational,Organic
copy and paste brackets,50,50,480,18,0.00,https://www.symbolscopyandpaste.com/bracket-symbols.html,0,0,0.00,0.33,12300000,"36, 76, 36, 45, 55, 30, 30, 45, 67, 1, 1, 1",2026-05-08,"Image, People also ask, Related searches",informational,Organic
copy and paste brackets,68,68,480,18,0.00,https://www.symbolscopyandpaste.com/bracket-symbols.html,0,0,0.00,0.33,12300000,"36, 76, 36, 45, 55, 30, 30, 45, 67, 1, 1, 1",2026-05-08,"Image, People also ask, Related searches",informational,Organic
line symbols copy and paste,19,19,140,19,0.00,https://www.symbolscopyandpaste.com/line-symbols.html,0,0,0.00,0,95800000,"12, 28, 43, 43, 0, 0, 82, 53, 28, 28, 43, 43",2026-04-19,"Image, Related searches",informational,Organic
line copy and paste vertical,43,20,110,19,0.00,https://www.symbolscopyandpaste.com/line-symbols.html,0,0,0.00,0.33,144,"9, 9, 9, 9, 9, 9, 80, 80, 100, 100, 100, 80",2026-06-11,"Video, People also ask, Related searches",informational,Organic
copy paste bracket,44,44,40,19,0.00,https://www.symbolscopyandpaste.com/bracket-symbols.html,0,0,0.00,0.33,93,"100, 63, 18, 18, 18, 63, 45, 27, 18, 36, 18, 18",2026-05-12,"People also ask, Related searches",informational,Organic
bracket symbol copy and paste,73,73,140,19,0.00,https://www.symbolscopyandpaste.com/bracket-symbols.html,0,0,0.00,0,2720000,"80, 66, 100, 80, 42, 66, 66, 66, 52, 100, 66, 52",2026-04-25,"Image pack, Image, People also ask, Related searches",informational,Organic
apostrophe copy paste,70,70,170,19,0.00,https://www.symbolscopyandpaste.com/punctuation-symbols.html,0,0,0.00,0,968000,"29, 14, 54, 14, 54, 22, 22, 35, 54, 54, 35, 29",2026-04-25,"Video, Image, People also ask, Related searches",commercial,Organic
japan symbols copy and paste,58,58,260,19,0.00,https://www.symbolscopyandpaste.com/japanese-symbols.html,0,0,0.00,0,5470000,"44, 44, 0, 29, 44, 36, 36, 36, 15, 19, 29, 29",2026-04-27,"Image pack, Image, Related searches",informational,Organic
japan symbols copy and paste,84,84,260,19,0.00,https://www.symbolscopyandpaste.com/japanese-symbols.html,0,0,0.00,0,5470000,"44, 44, 0, 29, 44, 36, 36, 36, 15, 19, 29, 29",2026-04-27,"Image pack, Image, Related searches",informational,Organic
how to type triangle symbol,63,63,70,19,0.00,https://www.symbolscopyandpaste.com/triangle-symbols.html,0,0,0.00,0,138,"15, 28, 28, 34, 28, 15, 21, 15, 28, 21, 28, 21",2026-04-21,"Image pack, Video, Image, Video Carousel, Related searches, Discussions and forums, AI overview",informational,Organic
text symbols lines,38,38,110,19,0.00,https://www.symbolscopyandpaste.com/line-symbols.html,0,0,0.00,0.33,103,"23, 43, 35, 2, 17, 35, 43, 10, 17, 23, 23, 23",2026-06-06,"Image pack, People also ask, Related searches",informational,Organic
text symbols lines,42,42,110,19,0.00,https://www.symbolscopyandpaste.com/line-symbols.html,0,0,0.00,0.33,103,"23, 43, 35, 2, 17, 35, 43, 10, 17, 23, 23, 23",2026-06-06,"Image pack, People also ask, Related searches",informational,Organic
bracket copy and paste,43,43,1000,19,0.00,https://www.symbolscopyandpaste.com/bracket-symbols.html,0,0,0.00,0.33,93,"45, 67, 76, 76, 76, 67, 55, 76, 67, 100, 76, 100",2026-06-02,"People also ask, Related searches",informational,Organic
triangle symbol copy paste,39,39,390,19,0.00,https://www.symbolscopyandpaste.com/triangle-symbols.html,0,0,0.00,0,13800000,"54, 44, 66, 54, 54, 36, 44, 36, 66, 81, 81, 66",2026-05-11,"Video, Image, People also ask, Related searches",informational,Organic
triangle symbol copy paste,51,51,390,19,0.00,https://www.symbolscopyandpaste.com/triangle-symbols.html,0,0,0.00,0,13800000,"54, 44, 66, 54, 54, 36, 44, 36, 66, 81, 81, 66",2026-05-11,"Video, Image, People also ask, Related searches",informational,Organic
chinese symbol copy and paste,43,43,110,20,0.00,https://www.symbolscopyandpaste.com/chinese-symbols.html,0,0,0.00,0.33,141,"54, 10, 35, 35, 14, 22, 54, 14, 18, 0, 2, 4",2026-06-09,Related searches,informational,Organic
triangle font,59,59,210,20,0.00,https://www.symbolscopyandpaste.com/triangle-symbols.html,0,0,0.00,0,685000000,"43, 35, 43, 43, 66, 66, 54, 35, 22, 18, 54, 43",2026-05-08,"Image pack, Video, Image, People also ask, Related searches",informational,Organic
triangle font,89,89,210,20,0.00,https://www.symbolscopyandpaste.com/triangle-symbols.html,0,0,0.00,0,685000000,"43, 35, 43, 43, 66, 66, 54, 35, 22, 18, 54, 43",2026-05-08,"Image pack, Video, Image, People also ask, Related searches",informational,Organic
triangle symbol copy and paste,46,46,210,20,0.00,https://www.symbolscopyandpaste.com/triangle-symbols.html,0,0,0.00,0.33,113,"16, 16, 16, 13, 8, 8, 13, 10, 16, 16, 16, 13",2026-05-27,"Video, Image, People also ask, Related searches, AI overview",informational,Organic
triangle copy and paste symbol,42,42,260,20,0.00,https://www.symbolscopyandpaste.com/triangle-symbols.html,0,0,0.00,0,116,"16, 24, 20, 20, 13, 8, 8, 8, 10, 13, 16, 16",2026-05-24,"Video, Image, People also ask, Related searches",informational,Organic
circle copy and paste symbol,51,51,210,20,0.00,https://www.symbolscopyandpaste.com/circle-symbols.html,0,0,0.00,0.33,138,"8, 8, 7, 7, 7, 8, 10, 10, 5, 7, 7, 8",2026-06-02,"Video, Image, People also ask, Related searches",informational,Organic
triangle text,43,43,720,21,0.00,https://www.symbolscopyandpaste.com/triangle-symbols.html,0,0,0.00,0.33,91,"55, 55, 45, 45, 55, 45, 76, 100, 45, 55, 55, 55",2026-05-28,"Image pack, Video, People also ask",informational,Organic
copy paste line symbols,23,23,170,21,0.00,https://www.symbolscopyandpaste.com/line-symbols.html,0,0,0.00,0.33,95,"66, 53, 100, 66, 35, 23, 53, 12, 12, 12, 12, 43",2026-05-30,"Video, People also ask, Related searches",informational,Organic
play triangle symbol,56,56,50,21,0.00,https://www.symbolscopyandpaste.com/triangle-symbols.html,0,0,0.00,0.33,89,"14, 14, 14, 14, 14, 14, 14, 14, 14, 78, 78, 100",2026-05-15,"Image pack, Video, Image, People also ask, Related searches",informational,Organic
play triangle symbol,59,59,50,21,0.00,https://www.symbolscopyandpaste.com/triangle-symbols.html,0,0,0.00,0.33,89,"14, 14, 14, 14, 14, 14, 14, 14, 14, 78, 78, 100",2026-05-15,"Image pack, Video, Image, People also ask, Related searches",informational,Organic
bracket copy paste symbol,56,56,40,21,0.00,https://www.symbolscopyandpaste.com/bracket-symbols.html,0,0,0.00,0.33,102,"14, 50, 50, 100, 14, 78, 14, 14, 14, 14, 14, 14",2026-06-02,"Video, People also ask, Related searches",informational,Organic
copy and paste straight line,10,10,260,21,0.00,https://www.symbolscopyandpaste.com/line-symbols.html,3,23.07,0.00,0,97100000,"35, 44, 66, 44, 81, 35, 18, 23, 35, 11, 54, 23",2026-05-08,"Video, Image, People also ask, Related searches",informational,Organic
copy and paste straight line,12,12,260,21,0.00,https://www.symbolscopyandpaste.com/line-symbols.html,1,7.69,0.00,0,97100000,"35, 44, 66, 44, 81, 35, 18, 23, 35, 11, 54, 23",2026-05-08,"Video, Image, People also ask, Related searches",informational,Organic
apostrophe copy and paste,32,32,110,21,0.00,https://www.symbolscopyandpaste.com/punctuation-symbols.html,0,0,0.00,0,76,"6, 6, 43, 34, 65, 34, 21, 34, 43, 34, 28, 34",2026-04-23,"Video, Image, People also ask, Related searches",commercial,Organic
weather degree symbol,91,91,50,21,0.00,https://www.symbolscopyandpaste.com/degree-unit-weather-symbols.html,0,0,0.00,0,98500000,"18, 18, 18, 18, 100, 100, 18, 18, 100, 18, 100, 81",2026-04-21,"Image pack, Video, Related searches, AI overview",informational,Organic
line copy and paste,36,36,2900,21,0.00,https://www.symbolscopyandpaste.com/line-symbols.html,2,15.38,0.00,0.33,96,"65, 65, 65, 54, 65, 54, 54, 65, 65, 81, 65, 100",2026-06-06,"People also ask, Related searches",informational,Organic
straight line copy paste,32,32,880,21,0.00,https://www.symbolscopyandpaste.com/line-symbols.html,0,0,0.00,0.33,96,"81, 45, 36, 62, 36, 55, 45, 55, 45, 55, 36, 36",2026-06-07,"Video, People also ask, Related searches, AI overview",informational,Organic
triangle copy and paste,43,43,1900,21,0.00,https://www.symbolscopyandpaste.com/triangle-symbols.html,0,0,0.00,0.33,93,"65, 65, 44, 55, 55, 65, 100, 82, 65, 82, 82, 82",2026-06-09,"Video, Image, People also ask, Related searches",informational,Organic
straight line to copy and paste,27,27,170,21,0.00,https://www.symbolscopyandpaste.com/line-symbols.html,0,0,0.00,0,107000000,"29, 29, 29, 35, 29, 22, 29, 29, 43, 100, 22, 18",2026-05-04,"Video, People also ask, Related searches",informational,Organic
straight line copy and paste,16,16,590,21,0.00,https://www.symbolscopyandpaste.com/line-symbols.html,1,7.69,0.00,0,95,"39, 72, 59, 59, 48, 59, 59, 39, 100, 48, 32, 14",2026-05-26,"Image pack, Video, People also ask, Related searches",informational,Organic
symbol of line,69,69,110,21,0.00,https://www.symbolscopyandpaste.com/line-symbols.html,0,0,0.00,0,126,"3, 2, 3, 3, 4, 2, 2, 7, 10, 5, 3, 3",2026-05-21,"Image pack, Video, Video Carousel, People also ask, Related searches, AI overview",informational,Organic
triangle text copy paste,27,27,70,21,0.00,https://www.symbolscopyandpaste.com/triangle-symbols.html,0,0,0.00,0.33,84,"64, 64, 64, 64, 41, 41, 52, 41, 11, 11, 11, 11",2026-05-11,"Video, Image, People also ask, Related searches",informational,Organic
japanese symbol copy and paste,55,55,140,21,0.00,https://www.symbolscopyandpaste.com/japanese-symbols.html,0,0,0.00,0,120,"6, 29, 4, 22, 0, 81, 22, 10, 10, 14, 66, 66",2026-05-15,"Image pack, Video, Image, Related searches",informational,Organic
borders to copy and paste,47,47,140,22,0.00,https://www.symbolscopyandpaste.com/corner-symbols.html,0,0,0.00,0,141,"0, 0, 0, 0, 0, 0, 0, 0, 0, 20, 0, 24",2026-05-27,"Image pack, Sitelinks, Video, Image, Related searches",informational,Organic
chinese symbols copy and paste,24,24,480,22,0.00,https://www.symbolscopyandpaste.com/chinese-symbols.html,0,0,0.00,0,13400000,"37, 20, 25, 20, 20, 25, 25, 25, 16, 25, 16, 20",2026-05-06,"Image pack, Image, People also ask",informational,Organic
chinese symbols copy and paste,31,31,480,22,0.00,https://www.symbolscopyandpaste.com/chinese-symbols.html,0,0,0.00,0,13400000,"37, 20, 25, 20, 20, 25, 25, 25, 16, 25, 16, 20",2026-05-06,"Image pack, Image, People also ask",informational,Organic
circle copy paste symbol,44,44,170,22,0.00,https://www.symbolscopyandpaste.com/circle-symbols.html,0,0,0.00,0,97,"53, 43, 53, 65, 65, 43, 53, 53, 53, 65, 65, 53",2026-05-25,"Video, Image, People also ask, Related searches",informational,Organic
quotation marks to copy and paste,87,87,390,22,0.00,https://www.symbolscopyandpaste.com/punctuation-symbols.html,0,0,0.00,0,7670000,"14, 7, 21, 21, 72, 21, 32, 32, 14, 100, 26, 59",2026-04-24,"Image pack, Sitelinks, Video, Image, People also ask, Related searches",informational,Organic
line symbol copy paste,33,33,110,22,0.00,https://www.symbolscopyandpaste.com/line-symbols.html,0,0,0.00,0,190000000,"64, 50, 78, 100, 78, 78, 78, 50, 100, 78, 14, 100",2026-04-23,"Video, Image, People also ask, Related searches",informational,Organic
triangle copy paste,69,69,1900,22,0.00,https://www.symbolscopyandpaste.com/triangle-symbols.html,0,0,0.00,0,89,"100, 79, 66, 79, 54, 54, 66, 66, 79, 100, 79, 79",2026-04-19,"Video, Image, People also ask, Related searches",informational,Organic
circle symbols copy paste,36,36,50,22,0.00,https://www.symbolscopyandpaste.com/circle-symbols.html,0,0,0.00,0,98,"0, 0, 0, 3, 65, 11, 26, 11, 34, 15, 19, 80",2026-05-17,"Video, Related searches",informational,Organic
line symbol text,23,23,70,23,0.00,https://www.symbolscopyandpaste.com/line-symbols.html,0,0,0.00,0,91,"80, 15, 34, 0, 26, 53, 80, 0, 0, 19, 7, 7",2026-05-25,"Image pack, Video, People also ask, Related searches",informational,Organic
symbol 1 4,85,85,140,23,0.00,https://www.symbolscopyandpaste.com/fraction-symbols.html,0,0,0.00,0,1410000000,"53, 53, 66, 66, 0, 82, 28, 35, 100, 0, 0, 0",2026-04-19,"Video, Image, People also ask, Related searches, AI overview",informational,Organic
copy paste straight line,17,17,390,23,0.00,https://www.symbolscopyandpaste.com/line-symbols.html,1,7.69,0.00,0,143000000,"81, 81, 81, 100, 81, 66, 23, 23, 81, 18, 11, 54",2026-05-13,"Video, Image, People also ask, Related searches",informational,Organic
really small circle symbol copy and paste,60,60,320,23,0.00,https://www.symbolscopyandpaste.com/circle-symbols.html,0,0,0.00,0,201000000,"100, 0, 0, 0, 0, 0",2026-04-19,"Video, Image, Related searches, AI overview",informational,Organic
really small circle symbol copy and paste,86,86,320,23,0.00,https://www.symbolscopyandpaste.com/circle-symbols.html,0,0,0.00,0,201000000,"100, 0, 0, 0, 0, 0",2026-04-19,"Video, Image, Related searches, AI overview",informational,Organic
really small circle symbol copy and paste,90,90,320,23,0.00,https://www.symbolscopyandpaste.com/circle-symbols.html,0,0,0.00,0,201000000,"100, 0, 0, 0, 0, 0",2026-04-19,"Video, Image, Related searches, AI overview",informational,Organic
straight line copy paste vertical,26,26,50,23,0.00,https://www.symbolscopyandpaste.com/line-symbols.html,0,0,0.00,0.33,28100000,"5, 5, 5, 5, 5, 5, 5, 5, 5, 5, 5, 100",2026-04-23,"Image pack, Video, Image, People also ask, Related searches",informational,Organic
triangle in text,37,37,320,23,0.00,https://www.symbolscopyandpaste.com/triangle-symbols.html,0,0,0.00,0,93,"54, 44, 36, 100, 44, 29, 54, 19, 44, 36, 29, 19",2026-05-22,"Video, Image, Video Carousel, People also ask, Related searches, AI overview",informational,Organic
triangle emoji copy and paste,49,49,70,23,0.00,https://www.symbolscopyandpaste.com/triangle-symbols.html,0,0,0.00,0.33,137,"14, 14, 14, 14, 14, 14, 18, 18, 10, 14, 18, 14",2026-06-08,"Video, People also ask, Related searches",informational,Organic
apostrophes copy and paste,79,79,50,23,0.00,https://www.symbolscopyandpaste.com/punctuation-symbols.html,0,0,0.00,0.33,266000,"11, 82, 11, 100, 11, 82, 11, 11, 11, 11, 11, 11",2026-04-19,"Video, Related searches",commercial,Organic
vertical line copy,36,36,50,23,0.00,https://www.symbolscopyandpaste.com/line-symbols.html,0,0,0.00,0.33,101,"11, 11, 11, 11, 11, 11, 11, 11, 64, 100, 64, 11",2026-04-18,"Image pack, Video, Image, Related searches",informational,Organic
copy and paste fraction symbols,58,58,70,23,0.00,https://www.symbolscopyandpaste.com/fraction-symbols.html,0,0,0.00,0.33,128,"18, 18, 18, 18, 18, 100, 100, 100, 18, 100, 100, 100",2026-06-09,"Image pack, Video, People also ask, Related searches",informational,Organic
copy and paste fraction symbols,61,61,70,23,0.00,https://www.symbolscopyandpaste.com/fraction-symbols.html,0,0,0.00,0.33,128,"18, 18, 18, 18, 18, 100, 100, 100, 18, 100, 100, 100",2026-06-09,"Image pack, Video, People also ask, Related searches",informational,Organic
line in text,79,79,140,23,0.00,https://www.symbolscopyandpaste.com/line-symbols.html,0,0,0.00,0,9060000000,"66, 66, 66, 66, 66, 80, 80, 66, 80, 66, 66, 100",2026-04-22,"Video, Image, People also ask, Related searches, AI overview",informational,Organic
fraction symbols copy paste,50,50,70,24,0.00,https://www.symbolscopyandpaste.com/fraction-symbols.html,0,0,0.00,0.33,108,"18, 18, 18, 18, 18, 100, 100, 100, 18, 63, 100, 100",2026-06-10,"Video, People also ask, Related searches",informational,Organic
copy and paste fraction,56,56,50,24,0.00,https://www.symbolscopyandpaste.com/fraction-symbols.html,0,0,0.00,0.33,125,"65, 0, 0, 0, 65, 9, 0, 0, 81, 0, 0, 0",2026-06-06,"Video, People also ask, Related searches",informational,Organic
copy and paste line symbols,37,37,260,24,0.00,https://www.symbolscopyandpaste.com/line-symbols.html,0,0,0.00,0.33,134,"81, 65, 53, 81, 81, 65, 65, 65, 100, 81, 53, 100",2026-06-08,Related searches,informational,Organic
line symbol copy and paste,29,29,390,24,0.00,https://www.symbolscopyandpaste.com/line-symbols.html,0,0,0.00,0,188000000,"66, 54, 54, 81, 66, 66, 66, 100, 66, 66, 81, 81",2026-04-23,"Video, Image, People also ask, Related searches",informational,Organic
fractions symbols copy and paste,45,45,70,24,0.00,https://www.symbolscopyandpaste.com/fraction-symbols.html,0,0,0.00,0,98,"23, 0, 0, 42, 100, 33, 19, 0, 0, 66, 80, 33",2026-05-17,"Video, People also ask",informational,Organic
line copy,15,15,110,24,0.00,https://www.symbolscopyandpaste.com/line-symbols.html,0,0,0.00,0,97,"34, 28, 28, 34, 34, 28, 34, 28, 15, 34, 43, 28",2026-05-22,"People also ask, Related searches",informational,Organic
copy paste square,49,49,90,24,0.00,https://www.symbolscopyandpaste.com/square-rectangle-symbols.html,0,0,0.00,0.33,113,"2, 14, 14, 14, 11, 11, 3, 4, 5, 4, 14, 21",2026-05-28,"Image pack, Video, Image, People also ask, Related searches",informational,Organic
line simbol,32,32,70,24,0.00,https://www.symbolscopyandpaste.com/line-symbols.html,0,0,0.00,0,1860000000,"0, 0, 0, 0, 0, 0, 66, 0, 0, 81, 0, 0",2026-05-02,"Image pack, Video, Image, People also ask, Related searches",informational,Organic
square copy and paste symbol,66,0,170,24,0.00,https://www.symbolscopyandpaste.com/square-rectangle-symbols.html,0,0,0.00,0.33,139,"23, 15, 12, 12, 15, 19, 29, 29, 36, 29, 29, 44",2026-06-11,"Image pack, Video, People also ask, Related searches",informational,Organic
fraction symbols copy and paste,71,71,40,25,0.00,https://www.symbolscopyandpaste.com/fraction-symbols.html,0,0,0.00,0.33,2270000,"0, 0, 100, 52, 11, 11, 11, 11, 11, 11, 11, 11",2026-04-29,"Video, Image, People also ask, Related searches",informational,Organic
copy and paste circle symbols,50,50,90,25,0.00,https://www.symbolscopyandpaste.com/circle-symbols.html,0,0,0.00,0,64000000,"42, 52, 23, 23, 80, 52, 42, 33, 42, 66, 33, 33",2026-04-29,"Image pack, Image, People also ask, Related searches",informational,Organic
triangle sign keyboard,43,43,110,25,0.00,https://www.symbolscopyandpaste.com/triangle-symbols.html,0,0,0.00,0.33,108,"34, 53, 42, 42, 26, 53, 65, 15, 26, 42, 26, 34",2026-06-09,"Image pack, Video, People also ask, Related searches, AI overview",informational,Organic
copy paste triangle,78,78,40,25,0.00,https://www.symbolscopyandpaste.com/triangle-symbols.html,0,0,0.00,0,55700000,"50, 35, 0, 0, 35, 0, 50, 28, 100, 0, 0, 7",2026-04-28,"Image pack, Video, Image, People also ask, Related searches",informational,Organic
line for text,37,37,110,25,0.00,https://www.symbolscopyandpaste.com/line-symbols.html,0,0,0.00,0.33,105,"43, 53, 10, 43, 12, 35, 53, 17, 17, 17, 12, 17",2026-05-29,"Image pack, Video, People also ask, Related searches",informational,Organic
asian symbols copy paste,19,19,140,25,0.00,https://www.symbolscopyandpaste.com/chinese-symbols.html,0,0,0.00,0.33,80,"29, 12, 19, 9, 15, 12, 15, 15, 19, 23, 23, 36",2026-05-28,"Video, Related searches",informational,Organic
triangle text symbol,35,35,260,25,0.00,https://www.symbolscopyandpaste.com/triangle-symbols.html,0,0,0.00,0,98,"21, 17, 39, 11, 9, 21, 32, 14, 39, 59, 39, 26",2026-05-13,"Image pack, Video, Image, People also ask, Related searches",informational,Organic
fractions copy and paste,44,44,90,25,0.00,https://www.symbolscopyandpaste.com/fraction-symbols.html,0,0,0.00,0,78,"8, 23, 11, 6, 8, 1, 23, 35, 6, 5, 54, 15",2026-05-15,"Image pack, Video, People also ask, Related searches",informational,Organic
fractions copy and paste,47,47,90,25,0.00,https://www.symbolscopyandpaste.com/fraction-symbols.html,0,0,0.00,0,78,"8, 23, 11, 6, 8, 1, 23, 35, 6, 5, 54, 15",2026-05-15,"Image pack, Video, People also ask, Related searches",informational,Organic
line text symbol,29,29,210,25,0.00,https://www.symbolscopyandpaste.com/line-symbols.html,0,0,0.00,0.33,97,"66, 53, 43, 66, 66, 66, 53, 53, 53, 53, 43, 66",2026-05-30,"Image pack, Video, People also ask, Related searches",informational,Organic
copy and paste circle,59,59,140,26,0.00,https://www.symbolscopyandpaste.com/circle-symbols.html,0,0,0.00,0,442000000,"42, 53, 53, 53, 42, 34, 42, 53, 65, 53, 53, 65",2026-05-11,"Video, Image, People also ask, Related searches",informational,Organic
vertical line copy paste,51,51,260,26,0.00,https://www.symbolscopyandpaste.com/line-symbols.html,0,0,0.00,0,89,"5, 5, 5, 10, 5, 5, 4, 5, 7, 7, 5, 5",2026-04-24,"Video, Image, People also ask, Related searches",informational,Organic
circle symbol copy and paste,48,48,210,26,0.00,https://www.symbolscopyandpaste.com/circle-symbols.html,0,0,0.00,0,122,"65, 65, 65, 100, 100, 80, 80, 80, 80, 65, 80, 53",2026-05-18,"Image pack, Video, Image, People also ask, Related searches",informational,Organic
line copy paste,35,35,2900,26,0.00,https://www.symbolscopyandpaste.com/line-symbols.html,2,15.38,0.00,0.33,98,"65, 65, 65, 54, 81, 36, 54, 54, 65, 81, 54, 100",2026-06-06,"Video, People also ask, Related searches",informational,Organic
line letter,57,57,140,26,0.00,https://www.symbolscopyandpaste.com/line-symbols.html,0,0,0.00,0.01,107,"52, 66, 52, 52, 66, 100, 66, 66, 52, 66, 52, 66",2026-06-05,"Image pack, Video, People also ask",informational,Organic
copy and paste triangle symbols,42,42,110,26,0.00,https://www.symbolscopyandpaste.com/triangle-symbols.html,0,0,0.00,0.33,117,"100, 100, 52, 33, 33, 52, 80, 23, 33, 33, 23, 33",2026-05-30,"Video, People also ask, Related searches",informational,Organic
text triangle,85,85,50,26,0.00,https://www.symbolscopyandpaste.com/triangle-symbols.html,0,0,0.00,0,817000000,"64, 0, 52, 0, 29, 0, 64, 11, 64, 5, 0, 82",2026-05-03,"Image pack, Video, Image, People also ask, Related searches",informational,Organic
text triangle,90,90,50,26,0.00,https://www.symbolscopyandpaste.com/triangle-symbols.html,0,0,0.00,0,817000000,"64, 0, 52, 0, 29, 0, 64, 11, 64, 5, 0, 82",2026-05-03,"Image pack, Video, Image, People also ask, Related searches",informational,Organic
triangle letter,62,62,170,26,0.00,https://www.symbolscopyandpaste.com/triangle-symbols.html,0,0,0.00,0.33,131,"28, 18, 18, 23, 18, 23, 81, 35, 28, 28, 23, 23",2026-06-10,"Sitelinks, Video, Image, Video Carousel, People also ask, Related searches, AI overview",informational,Organic
circle text copy paste,47,47,90,26,0.00,https://www.symbolscopyandpaste.com/circle-symbols.html,0,0,0.00,0.33,403000000,"2, 2, 2, 2, 2, 2, 2, 100, 2, 2, 2, 2",2026-05-06,"Image pack, Video, Image, People also ask, Related searches",informational,Organic
lines copy and paste,19,19,1300,27,0.00,https://www.symbolscopyandpaste.com/line-symbols.html,3,23.07,0.00,0.33,97,"27, 44, 44, 44, 27, 36, 27, 27, 44, 36, 44, 44",2026-05-28,Related searches,informational,Organic
1/3 symbol,63,63,1600,27,0.00,https://www.symbolscopyandpaste.com/fraction-symbols.html,0,0,0.00,0,100,"7, 7, 5, 0, 65, 43, 54, 100, 100, 8, 8, 3",2026-05-26,"Video, People also ask, Related searches, AI overview",informational,Organic
1 1/2 symbol,82,82,140,27,0.00,https://www.symbolscopyandpaste.com/fraction-symbols.html,0,0,0.00,0.33,633000000,"66, 66, 42, 33, 52, 66, 52, 80, 80, 100, 80, 100",2026-06-02,"Video, People also ask, Related searches, AI overview",informational,Organic
copy and paste fractions,52,52,390,27,0.00,https://www.symbolscopyandpaste.com/fraction-symbols.html,0,0,0.00,0,89,"15, 36, 36, 54, 44, 9, 15, 36, 81, 81, 100, 81",2026-05-16,"Video, People also ask, Related searches",informational,Organic
copy paste line,35,35,590,27,0.00,https://www.symbolscopyandpaste.com/line-symbols.html,0,0,0.00,0.33,100,"30, 3, 45, 81, 81, 30, 36, 24, 45, 8, 30, 13",2026-06-08,"People also ask, Related searches",informational,Organic
triangle copy,40,40,90,27,0.00,https://www.symbolscopyandpaste.com/triangle-symbols.html,0,0,0.00,0.33,92,"17, 17, 28, 28, 5, 5, 5, 43, 28, 23, 23, 23",2026-05-28,"Video, People also ask, Related searches",informational,Organic
straight line text,42,42,170,28,0.00,https://www.symbolscopyandpaste.com/line-symbols.html,0,0,0.00,0.33,104,"65, 42, 65, 100, 65, 65, 80, 53, 53, 65, 34, 65",2026-06-10,"Video, People also ask, Related searches, AI overview",informational,Organic
line symbols,88,88,880,28,0.00,https://www.symbolscopyandpaste.com/line-symbols.html,0,0,0.00,0,348000000,"34, 24, 30, 44, 24, 24, 44, 24, 24, 24, 24, 24",2026-05-04,"Image pack, Video, Image, People also ask, Related searches","informational, transactional",Organic
line symbol,45,45,2400,29,0.00,https://www.symbolscopyandpaste.com/line-symbols.html,0,0,0.00,0.33,102,"43, 65, 54, 43, 81, 54, 54, 54, 36, 54, 54, 43",2026-06-06,"Image pack, Video, People also ask, Related searches",informational,Organic
lines and symbols,42,42,480,29,0.00,https://www.symbolscopyandpaste.com/line-symbols.html,0,0,0.00,0.33,103,"20, 16, 3, 20, 8, 13, 3, 8, 8, 4, 7, 8",2026-05-30,"Image pack, Video, People also ask, Related searches",informational,Organic
discrete math symbols copy and paste,30,30,40,29,0.00,https://www.symbolscopyandpaste.com/maths-symbols.html,0,0,0.00,0.33,60000,"12, 28, 5, 5, 5, 5, 5, 5, 43, 5, 5, 5",2026-05-12,"Video, Image, Related searches, Questions and answers, AI overview",informational,Organic
lines in text,50,50,50,29,0.00,https://www.symbolscopyandpaste.com/line-symbols.html,0,0,0.00,0.33,114,"77, 100, 77, 77, 33, 22, 44, 55, 44, 77, 77, 77",2026-06-06,"Image pack, Video, People also ask, Related searches, AI overview",informational,Organic
circle symbol copy paste,42,42,320,29,0.00,https://www.symbolscopyandpaste.com/circle-symbols.html,0,0,0.00,0,100,"82, 66, 82, 100, 53, 66, 82, 66, 100, 82, 82, 66",2026-05-08,"Image pack, Video, Image, People also ask, Related searches",informational,Organic
fractions to copy and paste,53,53,260,30,0.00,https://www.symbolscopyandpaste.com/fraction-symbols.html,0,0,0.00,0,6340000,"10, 13, 3, 13, 8, 13, 13, 5, 5, 20, 100, 24",2026-05-09,"Video, People also ask, Related searches",informational,Organic
triangle for text,44,44,170,30,0.00,https://www.symbolscopyandpaste.com/triangle-symbols.html,0,0,0.00,0.33,95,"53, 53, 35, 35, 35, 35, 43, 28, 23, 17, 12, 100",2026-05-30,"Image pack, Video, People also ask, Related searches, AI overview",informational,Organic
circle to copy and paste,40,40,480,30,0.00,https://www.symbolscopyandpaste.com/circle-symbols.html,0,0,0.00,0,125,"32, 72, 32, 100, 59, 48, 39, 21, 39, 32, 39, 48",2026-05-27,"Image pack, Video, Image, People also ask, Related searches",informational,Organic
arrows copy and paste symbols,38,38,140,30,0.00,https://www.symbolscopyandpaste.com/arrows-symbols.html,0,0,0.00,0,133,"43, 0, 35, 0, 35, 2, 35, 53, 23, 100, 35, 53",2026-05-02,"Image, People also ask, Related searches",commercial,Organic
arrows copy and paste symbols,45,45,140,30,0.00,https://www.symbolscopyandpaste.com/arrows-symbols.html,0,0,0.00,0,133,"43, 0, 35, 0, 35, 2, 35, 53, 23, 100, 35, 53",2026-05-02,"Image, People also ask, Related searches",commercial,Organic
fraction copy and paste,52,52,1000,30,0.00,https://www.symbolscopyandpaste.com/fraction-symbols.html,0,0,0.00,0.33,87,"62, 62, 62, 81, 45, 36, 45, 81, 100, 62, 62, 62",2026-05-28,"Video, People also ask, Related searches",informational,Organic
symbol line,34,34,260,30,0.00,https://www.symbolscopyandpaste.com/line-symbols.html,0,0,0.00,0,102,"54, 67, 54, 44, 23, 0, 0, 54, 29, 0, 0, 67",2026-04-27,"Image pack, Video, Image, People also ask, Related searches",informational,Organic
symbol line,82,82,260,30,0.00,https://www.symbolscopyandpaste.com/line-symbols.html,0,0,0.00,0,102,"54, 67, 54, 44, 23, 0, 0, 54, 29, 0, 0, 67",2026-04-27,"Image pack, Video, Image, People also ask, Related searches",informational,Organic
trade mark logo copy,75,75,110,31,4.73,https://www.symbolscopyandpaste.com/copyright-trademark-law-office-symbols.html,0,0,0.00,0.33,129,"7, 53, 5, 100, 2, 10, 5, 12, 10, 35, 12, 66",2026-06-03,"Image pack, Video, Image, Video Carousel, People also ask, Related searches",informational,Organic
vertical line copy and paste,34,34,590,31,0.00,https://www.symbolscopyandpaste.com/line-symbols.html,0,0,0.00,0,115,"5, 48, 72, 59, 59, 59, 48, 48, 72, 88, 59, 59",2026-04-20,"Video, Image, Related searches",informational,Organic
triangle text icon,49,49,140,31,0.00,https://www.symbolscopyandpaste.com/triangle-symbols.html,0,0,0.00,0,89,"43, 65, 65, 34, 65, 53, 34, 34, 81, 43, 21, 28",2026-04-27,"Video, People also ask, Related searches, AI overview",informational,Organic
fraction symbols,65,65,390,31,0.00,https://www.symbolscopyandpaste.com/fraction-symbols.html,0,0,0.00,0.33,124,"29, 54, 54, 29, 100, 100, 81, 66, 54, 54, 29, 23",2026-06-07,"Image pack, Video, People also ask, Related searches",informational,Organic
quote marks copy and paste,52,52,720,31,0.00,https://www.symbolscopyandpaste.com/punctuation-symbols.html,0,0,0.00,0,78,"72, 72, 72, 100, 72, 59, 59, 48, 100, 72, 72, 72",2026-05-05,"Image pack, Image, People also ask, Related searches",informational,Organic
japanese copy and paste symbols,65,65,390,31,0.00,https://www.symbolscopyandpaste.com/japanese-symbols.html,0,0,0.00,0.33,155,"54, 54, 44, 54, 66, 36, 44, 54, 66, 66, 54, 54",2026-06-04,"Video, People also ask, Related searches",commercial,Organic
line text,26,26,590,32,0.00,https://www.symbolscopyandpaste.com/line-symbols.html,0,0,0.00,0,107,"100, 36, 45, 55, 67, 45, 45, 36, 30, 36, 45, 30",2026-05-25,"Video, People also ask, Related searches",informational,Organic
lines symbols,48,48,90,32,0.00,https://www.symbolscopyandpaste.com/line-symbols.html,0,0,0.00,0.33,101,"0, 0, 66, 0, 0, 0, 0, 0, 0, 44, 35, 35",2026-06-09,"Image pack, Video, Related searches",informational,Organic
1 2 copy and paste,32,32,90,32,0.00,https://www.symbolscopyandpaste.com/fraction-symbols.html,0,0,0.00,0,491000000,"14, 28, 7, 100, 100, 100, 78, 78, 100, 35, 35, 35",2026-05-13,"Video, People also ask, Related searches",informational,Organic
tm sign copy and paste,67,67,260,33,5.30,https://www.symbolscopyandpaste.com/copyright-trademark-law-office-symbols.html,0,0,0.00,0,48600000,"24, 16, 55, 8, 30, 13, 24, 0, 10, 5, 24, 10",2026-05-13,"Video, Image, People also ask, Related searches",informational,Organic
symbol for latin,71,71,210,33,0.00,https://www.symbolscopyandpaste.com/latin-symbols.html,0,0,0.00,0.33,133,"11, 17, 21, 14, 32, 11, 21, 11, 17, 17, 14, 72",2026-06-07,"Image pack, Sitelinks, Video, Image, People also ask, Related searches, AI overview",informational,Organic
fraction copy paste,97,97,720,33,0.00,https://www.symbolscopyandpaste.com/fraction-symbols.html,0,0,0.00,0,20000000,"67, 55, 55, 67, 67, 36, 36, 55, 100, 67, 55, 67",2026-05-06,"Video, People also ask, Related searches",informational,Organic
symbols line,41,41,50,33,0.00,https://www.symbolscopyandpaste.com/line-symbols.html,0,0,0.00,0.33,104,"23, 0, 0, 0, 0, 19, 0, 0, 19, 36, 0, 0",2026-06-02,"Image pack, Video, People also ask, Related searches",informational,Organic
quotation copy and paste,96,96,70,33,0.00,https://www.symbolscopyandpaste.com/punctuation-symbols.html,0,0,0.00,0,28300000,"18, 0, 0, 0, 28, 23, 44, 23, 18, 1, 0, 0",2026-04-29,"Image, People also ask, Related searches",informational,Organic
circle copy and paste,40,40,1300,34,0.00,https://www.symbolscopyandpaste.com/circle-symbols.html,0,0,0.00,0,97,"100, 62, 81, 81, 55, 62, 62, 62, 81, 81, 62, 62",2026-05-25,"Image pack, Video, People also ask, Related searches",informational,Organic
circle copy paste,39,39,480,34,0.00,https://www.symbolscopyandpaste.com/circle-symbols.html,0,0,0.00,0.33,98,"36, 45, 24, 30, 36, 36, 55, 36, 45, 36, 36, 36",2026-05-28,"Image pack, Video, Image, People also ask, Related searches",informational,Organic
1/2 fraction copy paste,82,82,50,34,0.00,https://www.symbolscopyandpaste.com/fraction-symbols.html,0,0,0.00,0,919000,"18, 100, 100, 0, 0, 0, 0, 0, 0, 100, 100, 81",2026-05-07,"Video, People also ask, Related searches, AI overview",informational,Organic
latin symbol,97,97,390,34,0.00,https://www.symbolscopyandpaste.com/latin-symbols.html,0,0,0.00,0,368000000,"12, 23, 29, 23, 29, 67, 36, 54, 44, 44, 100, 54",2026-05-03,"Image pack, Sitelinks, Video, Image, Video Carousel, People also ask, Related searches",informational,Organic
fractions symbols,64,64,70,34,0.00,https://www.symbolscopyandpaste.com/fraction-symbols.html,0,0,0.00,0.01,123,"100, 43, 23, 0, 0, 0, 12, 10, 0, 0, 2, 5",2026-05-26,"Image pack, Video, Image, People also ask, Related searches, AI overview",informational,Organic
fractions symbols,69,69,70,34,0.00,https://www.symbolscopyandpaste.com/fraction-symbols.html,0,0,0.00,0.01,123,"100, 43, 23, 0, 0, 0, 12, 10, 0, 0, 2, 5",2026-05-26,"Image pack, Video, Image, People also ask, Related searches, AI overview",informational,Organic
fractional symbol,98,98,260,34,0.00,https://www.symbolscopyandpaste.com/fraction-symbols.html,0,0,0.00,0.01,131000000,"10, 13, 20, 10, 20, 16, 6, 13, 100, 13, 6, 6",2026-05-08,"Video, Image, People also ask, Related searches, AI overview",informational,Organic
1 2 fraction copy paste,38,38,70,35,0.00,https://www.symbolscopyandpaste.com/fraction-symbols.html,0,0,0.00,0,99,"14, 78, 100, 78, 78, 14, 50, 50, 64, 0, 0, 0",2026-05-27,"Video, People also ask, Related searches, AI overview",informational,Organic
tm copier,65,65,320,35,0.00,https://www.symbolscopyandpaste.com/copyright-trademark-law-office-symbols.html,0,0,0.00,0.33,184,"19, 0, 0, 19, 0, 54, 0, 66, 81, 81, 66, 100",2026-06-01,"Video, People also ask, Related searches",informational,Organic
straight line in text,63,63,140,35,0.00,https://www.symbolscopyandpaste.com/line-symbols.html,0,0,0.00,0,1190000000,"42, 42, 42, 52, 66, 52, 100, 80, 66, 80, 80, 52",2026-04-20,"Video, Image, Related searches, AI overview",informational,Organic
copy paste circle,44,44,720,35,0.00,https://www.symbolscopyandpaste.com/circle-symbols.html,0,0,0.00,0,199000000,"67, 45, 67, 67, 45, 55, 45, 13, 55, 100, 76, 45",2026-05-06,"Image, People also ask, Related searches",informational,Organic
quotation mark copy and paste,52,52,260,35,0.00,https://www.symbolscopyandpaste.com/punctuation-symbols.html,0,0,0.00,0,3790000,"36, 44, 66, 66, 44, 0, 36, 12, 66, 29, 23, 19",2026-05-08,"Sitelinks, Video, Image, People also ask, Related searches",informational,Organic
line vertical symbol,38,38,320,36,0.00,https://www.symbolscopyandpaste.com/line-symbols.html,0,0,0.00,0.33,105,"3, 5, 4, 2, 24, 3, 2, 3, 3, 44, 8, 10",2026-05-29,"Video, Image, People also ask, Related searches, AI overview",informational,Organic
line vertical symbol,39,39,320,36,0.00,https://www.symbolscopyandpaste.com/line-symbols.html,0,0,0.00,0.33,105,"3, 5, 4, 2, 24, 3, 2, 3, 3, 44, 8, 10",2026-05-29,"Video, Image, People also ask, Related searches, AI overview",informational,Organic
fraction symbol copy and paste,77,77,90,36,0.00,https://www.symbolscopyandpaste.com/fraction-symbols.html,0,0,0.00,0,3940000,"7, 19, 15, 12, 12, 3, 3, 15, 29, 4, 5, 4",2026-04-21,"Image pack, Video, Image, Related searches, AI overview",informational,Organic
fraction symbol copy and paste,85,85,90,36,0.00,https://www.symbolscopyandpaste.com/fraction-symbols.html,0,0,0.00,0,3940000,"7, 19, 15, 12, 12, 3, 3, 15, 29, 4, 5, 4",2026-04-21,"Image pack, Video, Image, Related searches, AI overview",informational,Organic
1/2 symbol copy paste,27,27,590,36,0.00,https://www.symbolscopyandpaste.com/fraction-symbols.html,0,0,0.00,0,6410000,"3, 2, 3, 2, 4, 100, 2, 3, 2, 3, 2, 2",2026-05-24,"Video, People also ask, Related searches, AI overview",informational,Organic
1/2 symbol copy paste,51,51,590,36,0.00,https://www.symbolscopyandpaste.com/fraction-symbols.html,0,0,0.00,0,6410000,"3, 2, 3, 2, 4, 100, 2, 3, 2, 3, 2, 2",2026-05-24,"Video, People also ask, Related searches, AI overview",informational,Organic
quotation marks copy paste,53,53,1900,36,0.00,https://www.symbolscopyandpaste.com/punctuation-symbols.html,0,0,0.00,0,4120000,"34, 44, 65, 65, 65, 55, 65, 65, 82, 82, 65, 55",2026-04-24,"Image pack, Sitelinks, Image, People also ask, Related searches, AI overview",informational,Organic
copy paste fractions,53,53,390,37,0.00,https://www.symbolscopyandpaste.com/fraction-symbols.html,0,0,0.00,0,94,"14, 100, 9, 14, 39, 59, 32, 39, 14, 88, 11, 11",2026-05-24,"Video, People also ask, Related searches",informational,Organic
arrow text symbol copy and paste,38,38,90,38,0.00,https://www.symbolscopyandpaste.com/arrows-symbols.html,0,0,0.00,0,22000000,"50, 35, 35, 50, 78, 35, 35, 100, 78, 78, 78, 64",2026-04-26,"Video, Image, People also ask, Related searches",informational,Organic
arrow text copy and paste,37,37,110,38,0.00,https://www.symbolscopyandpaste.com/arrows-symbols.html,0,0,0.00,0,78000000,"52, 64, 52, 41, 64, 52, 52, 82, 82, 82, 100, 82",2026-04-26,"Video, Image, People also ask, Related searches","commercial, informational",Organic
astrological symbols copy and paste,64,64,70,38,0.00,https://www.symbolscopyandpaste.com/astrological-zodiac-symbols.html,0,0,0.00,0,181000,"11, 11, 11, 8, 11, 15, 15, 11, 8, 11, 8, 11",2026-05-02,"Image pack, Sitelinks, Image, Related searches",informational,Organic
beta copy and paste,37,37,170,39,0.00,https://www.symbolscopyandpaste.com/greek-symbols.html,0,0,0.00,0,125000000,"21, 65, 43, 65, 34, 28, 21, 21, 43, 100, 100, 81",2026-04-26,"Video, People also ask, Related searches, AI overview",informational,Organic
trademark tm copy and paste,76,76,1300,39,2.62,https://www.symbolscopyandpaste.com/copyright-trademark-law-office-symbols.html,0,0,0.00,0,669000,"0, 1, 0, 100, 0, 0, 0, 0, 0, 0, 0, 0",2026-05-12,"Video, Image, Video Carousel, People also ask, Related searches",informational,Organic
triangle characters,53,53,110,40,0.00,https://www.symbolscopyandpaste.com/triangle-symbols.html,0,0,0.00,0,98,"26, 19, 15, 34, 19, 26, 53, 53, 65, 65, 42, 65",2026-05-23,"Image pack, Video, Video Carousel, People also ask, Related searches, AI overview",informational,Organic
arrows symbols copy and paste,46,46,70,40,0.00,https://www.symbolscopyandpaste.com/arrows-symbols.html,0,0,0.00,0,5490000,"11, 1, 1, 0, 0, 0, 0, 0, 0, 81, 66, 0",2026-04-26,"Image, People also ask, Related searches",commercial,Organic
quote symbol copy paste,45,45,40,42,0.00,https://www.symbolscopyandpaste.com/punctuation-symbols.html,0,0,0.00,0.33,15300000,"0, 11, 0, 11, 0, 0, 0, 11, 11, 100, 0, 100",2026-04-30,"Image pack, Video, Image, People also ask, Related searches",informational,Organic
1 2 symbol,50,50,1000,42,0.00,https://www.symbolscopyandpaste.com/fraction-symbols.html,0,0,0.00,0.33,98,"5, 66, 79, 79, 100, 100, 41, 36, 30, 10, 0, 0",2026-05-29,"Video, Image, People also ask, Related searches, AI overview",informational,Organic
arrow coppy and paste,50,50,140,43,0.00,https://www.symbolscopyandpaste.com/arrows-symbols.html,0,0,0.00,0,133000000,"0, 0, 100, 0, 0, 0, 0, 0, 0, 0, 0, 0",2026-04-30,"Video, Image, People also ask, Related searches",informational,Organic
arrows copy paste symbols,40,40,1900,43,0.00,https://www.symbolscopyandpaste.com/arrows-symbols.html,0,0,0.00,0.33,101,"0, 0, 0, 0, 0, 0, 0, 0, 0, 0, 100, 0",2026-05-28,"Video, People also ask, Related searches",informational,Organic
arrows copy paste symbols,41,41,1900,43,0.00,https://www.symbolscopyandpaste.com/arrows-symbols.html,0,0,0.00,0.33,101,"0, 0, 0, 0, 0, 0, 0, 0, 0, 0, 100, 0",2026-05-28,"Video, People also ask, Related searches",informational,Organic
star letter,58,58,590,43,0.00,https://www.symbolscopyandpaste.com/stars-symbols.html,0,0,0.00,0.01,1070000000,"66, 54, 81, 54, 66, 81, 81, 66, 100, 81, 100, 81",2026-04-23,"Image pack, Video, Image, People also ask, Related searches",informational,Organic
1 2 fraction symbol,49,49,210,43,0.00,https://www.symbolscopyandpaste.com/fraction-symbols.html,0,0,0.00,0,235000000,"35, 43, 43, 54, 43, 35, 35, 43, 18, 54, 54, 35",2026-05-09,"Image pack, Video, Image, People also ask, Related searches, AI overview",informational,Organic
symbols star,62,62,210,44,0.00,https://www.symbolscopyandpaste.com/stars-symbols.html,0,0,0.00,0.01,115,"29, 15, 15, 12, 12, 23, 29, 100, 9, 12, 15, 44",2026-05-21,"Image pack, Video, Image, Related searches",informational,Organic
greek copy and paste,74,74,90,44,0.00,https://www.symbolscopyandpaste.com/greek-symbols.html,0,0,0.00,0,132000000,"64, 50, 78, 78, 64, 50, 100, 50, 78, 100, 78, 50",2026-04-22,"Image pack, Video, Image, Related searches",informational,Organic
text with symbols,56,56,50,45,0.00,https://www.symbolscopyandpaste.com/,0,0,0.00,0,1840000000,"0, 0, 0, 0, 82, 5, 41, 0, 64, 0, 100, 0",2026-05-03,"Image pack, Sitelinks, Video, Image, Related searches",informational,Organic
text with symbols,80,80,50,45,0.00,https://www.symbolscopyandpaste.com/,0,0,0.00,0,1840000000,"0, 0, 0, 0, 82, 5, 41, 0, 64, 0, 100, 0",2026-05-03,"Image pack, Sitelinks, Video, Image, Related searches",informational,Organic
degree weather symbol,69,69,90,46,0.00,https://www.symbolscopyandpaste.com/degree-unit-weather-symbols.html,0,0,0.00,0.33,118,"0, 64, 64, 11, 11, 64, 11, 64, 52, 82, 82, 100",2026-06-10,"Sitelinks, Video, People also ask, Related searches, AI overview",informational,Organic
degree weather symbol,70,70,90,46,0.00,https://www.symbolscopyandpaste.com/degree-unit-weather-symbols.html,0,0,0.00,0.33,118,"0, 64, 64, 11, 11, 64, 11, 64, 52, 82, 82, 100",2026-06-10,"Sitelinks, Video, People also ask, Related searches, AI overview",informational,Organic
star symbol font,89,89,140,47,0.00,https://www.symbolscopyandpaste.com/stars-symbols.html,0,0,0.00,0,747000000,"66, 11, 8, 66, 8, 8, 66, 44, 8, 8, 8, 11",2026-04-20,"Image pack, Video, Image, Related searches",informational,Organic
greek symbol copy and paste,40,40,110,48,0.00,https://www.symbolscopyandpaste.com/greek-symbols.html,0,0,0.00,0,12900000,"0, 29, 9, 29, 9, 0, 29, 23, 4, 23, 19, 9",2026-04-26,"Sitelinks, Image, Related searches",informational,Organic
copy past arrow,42,42,70,48,0.00,https://www.symbolscopyandpaste.com/arrows-symbols.html,0,0,0.00,0,102,"0, 0, 100, 19, 0, 0, 0, 0, 0, 0, 0, 0",2026-05-18,"Video, People also ask, Related searches",commercial,Organic
star ascii symbol,48,48,40,48,0.00,https://www.symbolscopyandpaste.com/stars-symbols.html,0,0,0.00,0,3500000,"28, 28, 14, 21, 28, 14, 21, 28, 50, 21, 14, 35",2026-04-30,"Image pack, Video, Image, People also ask, Related searches",informational,Organic
copy paste quotation marks,54,54,70,49,0.00,https://www.symbolscopyandpaste.com/punctuation-symbols.html,0,0,0.00,0,89,"52, 41, 41, 41, 52, 41, 52, 52, 52, 52, 52, 41",2026-04-21,"Video, Image, Related searches",informational,Organic
weird symbols to copy and paste,72,72,260,50,0.00,https://www.symbolscopyandpaste.com/,0,0,0.00,0,6370000,"66, 82, 66, 100, 82, 66, 43, 66, 66, 53, 43, 53",2026-05-08,"Image pack, Video, Image, People also ask, Related searches, Discussions and forums",informational,Organic
a copy and paste symbols,75,75,110,50,0.00,https://www.symbolscopyandpaste.com/,0,0,0.00,0.33,163,"52, 52, 52, 66, 52, 42, 52, 42, 42, 52, 42, 52",2026-05-31,"Video, People also ask, Related searches",informational,Organic
a copy and paste symbols,82,82,110,50,0.00,https://www.symbolscopyandpaste.com/,0,0,0.00,0.33,163,"52, 52, 52, 66, 52, 42, 52, 42, 42, 52, 42, 52",2026-05-31,"Video, People also ask, Related searches",informational,Organic
a copy and paste symbols,98,98,110,50,0.00,https://www.symbolscopyandpaste.com/,0,0,0.00,0.33,163,"52, 52, 52, 66, 52, 42, 52, 42, 42, 52, 42, 52",2026-05-31,"Video, People also ask, Related searches",informational,Organic
greek symbols copy paste,30,30,110,50,0.00,https://www.symbolscopyandpaste.com/greek-symbols.html,0,0,0.00,0,75,"2, 4, 5, 5, 3, 3, 3, 3, 5, 5, 7, 4",2026-04-29,"Sitelinks, Image, People also ask, Related searches",informational,Organic
greek alphabet symbols copy and paste,57,57,90,50,0.00,https://www.symbolscopyandpaste.com/greek-symbols.html,0,0,0.00,0,941000,"35, 50, 64, 78, 50, 50, 50, 50, 78, 100, 100, 78",2026-05-13,"Image pack, Video, Image, People also ask, Related searches",informational,Organic
greek alphabet symbols copy and paste,79,79,90,50,0.00,https://www.symbolscopyandpaste.com/greek-symbols.html,0,0,0.00,0,941000,"35, 50, 64, 78, 50, 50, 50, 50, 78, 100, 100, 78",2026-05-13,"Image pack, Video, Image, People also ask, Related searches",informational,Organic
arrow symbol for instagram,56,56,110,51,0.00,https://www.symbolscopyandpaste.com/arrows-symbols.html,0,0,0.00,0.33,100,"26, 42, 26, 26, 65, 65, 65, 65, 53, 26, 26, 26",2026-05-28,"Image pack, Video, People also ask, Related searches",informational,Organic
1/2 fraction symbol,57,57,390,52,0.00,https://www.symbolscopyandpaste.com/fraction-symbols.html,0,0,0.00,0,159000000,"7, 5, 7, 0, 1, 100, 0, 0, 0, 5, 7, 13",2026-05-06,"Video, Image, People also ask, Related searches, AI overview",informational,Organic
1/2 fraction symbol,60,60,390,52,0.00,https://www.symbolscopyandpaste.com/fraction-symbols.html,0,0,0.00,0,159000000,"7, 5, 7, 0, 1, 100, 0, 0, 0, 5, 7, 13",2026-05-06,"Video, Image, People also ask, Related searches, AI overview",informational,Organic
copy paste arrow symbol,44,44,210,53,0.00,https://www.symbolscopyandpaste.com/arrows-symbols.html,0,0,0.00,0,233000000,"0, 1, 3, 1, 0, 8, 1, 1, 2, 3, 5, 7",2026-05-13,"Image pack, Video, Image, People also ask, Related searches",informational,Organic
fraction 1 2 symbol,45,45,140,53,0.00,https://www.symbolscopyandpaste.com/fraction-symbols.html,0,0,0.00,0.33,103,"35, 29, 22, 18, 22, 29, 35, 18, 14, 43, 43, 54",2026-05-28,"Image pack, Video, Image, Video Carousel, People also ask, Related searches, AI overview",informational,Organic
greek symbols copy and paste,53,53,2400,53,0.00,https://www.symbolscopyandpaste.com/greek-symbols.html,0,0,0.00,0.33,137,"54, 36, 43, 54, 54, 81, 43, 43, 13, 65, 36, 65",2026-06-08,"Image pack, Video, Image, People also ask, Related searches",informational,Organic
stars symbol copy paste,51,51,90,54,0.00,https://www.symbolscopyandpaste.com/stars-symbols.html,0,0,0.00,0,107,"1, 1, 0, 0, 1, 0, 1, 1, 1, 1, 1, 1",2026-05-27,"Video, People also ask, Related searches, AI overview",informational,Organic
arrows to copy,45,45,90,54,0.00,https://www.symbolscopyandpaste.com/arrows-symbols.html,0,0,0.00,0.33,102,"52, 41, 41, 41, 41, 82, 82, 64, 52, 64, 64, 64",2026-05-28,"Video, Image, People also ask, Related searches",informational,Organic
special characters copy,88,88,50,54,0.00,https://www.symbolscopyandpaste.com/,0,0,0.00,0.33,114,"9, 9, 33, 33, 33, 33, 33, 33, 33, 9, 9, 66",2026-04-22,"Image pack, Sitelinks, Video, Image, Related searches",informational,Organic
star on keyboard symbol,74,74,320,55,0.00,https://www.symbolscopyandpaste.com/stars-symbols.html,0,0,0.00,0,77800000,"88, 21, 39, 26, 26, 21, 48, 21, 39, 32, 26, 21",2026-05-06,"Image pack, Sitelinks, Video, Image, People also ask, Related searches, AI overview",informational,Organic
fun symbols to copy and paste,68,68,110,55,0.00,https://www.symbolscopyandpaste.com/,0,0,0.00,0,32900000,"35, 12, 17, 23, 35, 17, 35, 28, 28, 23, 17, 35",2026-04-25,"Video, Image, People also ask, Related searches",informational,Organic
arrow for text,81,81,50,55,0.00,https://www.symbolscopyandpaste.com/arrows-symbols.html,0,0,0.00,0.33,1080000000,"11, 11, 11, 11, 11, 11, 11, 11, 11, 100, 100, 11",2026-04-29,"Video, Image, People also ask, Related searches",informational,Organic
cool signs to copy and paste,60,60,1000,55,0.00,https://www.symbolscopyandpaste.com/,0,0,0.00,0,541000000,"5, 3, 2, 2, 3, 4, 2, 7, 66, 100, 5, 1",2026-05-13,"Video, Image, Related searches",informational,Organic
star type symbol,41,41,320,55,0.00,https://www.symbolscopyandpaste.com/stars-symbols.html,0,0,0.00,0,111,"81, 66, 66, 66, 66, 54, 66, 54, 54, 54, 44, 54",2026-05-21,"Image pack, Video, Image, People also ask, Related searches",informational,Organic
arrow text symbols,59,59,260,55,0.00,https://www.symbolscopyandpaste.com/arrows-symbols.html,0,0,0.00,0.33,103,"20, 20, 16, 10, 24, 10, 2, 4, 10, 0, 13, 4",2026-06-02,"Video, Image, People also ask, Related searches",commercial,Organic
arrow text symbols,63,63,260,55,0.00,https://www.symbolscopyandpaste.com/arrows-symbols.html,0,0,0.00,0.33,103,"20, 20, 16, 10, 24, 10, 2, 4, 10, 0, 13, 4",2026-06-02,"Video, Image, People also ask, Related searches",commercial,Organic
cool text symbols copy and paste,51,51,110,55,0.00,https://www.symbolscopyandpaste.com/,0,0,0.00,0,131000000,"78, 78, 78, 78, 78, 78, 100, 100, 100, 78, 64, 78",2026-05-14,"Image pack, Video, Image, Related searches",informational,Organic
cool text symbols copy and paste,63,63,110,55,0.00,https://www.symbolscopyandpaste.com/,0,0,0.00,0,131000000,"78, 78, 78, 78, 78, 78, 100, 100, 100, 78, 64, 78",2026-05-14,"Image pack, Video, Image, Related searches",informational,Organic
arrow sign text,51,51,390,56,0.00,https://www.symbolscopyandpaste.com/arrows-symbols.html,0,0,0.00,0.33,100,"7, 8, 8, 8, 37, 31, 7, 11, 20, 68, 8, 46",2026-06-06,"Video, Image, People also ask, Related searches",commercial,Organic
arrows symbol text,82,82,50,56,0.00,https://www.symbolscopyandpaste.com/arrows-symbols.html,0,0,0.00,0,142000000,"0, 100, 0, 0, 100, 0, 0, 0, 0, 0, 0, 0",2026-04-25,"Image pack, Video, Image, People also ask, Related searches",informational,Organic
iconic symbols copy and paste,53,53,50,56,0.00,https://www.symbolscopyandpaste.com/,0,0,0.00,0.33,135,"11, 64, 64, 100, 82, 11, 11, 11, 11, 11, 11, 11",2026-05-28,"Video, People also ask, Related searches",informational,Organic
symbols copy nd paste,54,54,50,56,0.00,https://www.symbolscopyandpaste.com/,0,0,0.00,0,117,"0, 0, 0, 100, 0, 0, 0, 0, 0, 0, 0, 0",2026-05-23,"Video, Related searches",informational,Organic
arrowtext,85,85,140,56,0.00,https://www.symbolscopyandpaste.com/arrows-symbols.html,0,0,0.00,0,1030000000,"0, 0, 0, 0, 0, 100, 0, 0, 0, 0, 0, 0",2026-05-12,"Image pack, Video, Image, People also ask, Related searches",informational,Organic
copy arrow sign,39,39,50,56,0.00,https://www.symbolscopyandpaste.com/arrows-symbols.html,0,0,0.00,0.33,159,"0, 0, 14, 14, 64, 100, 100, 100, 14, 0, 14, 14",2026-05-20,"Video, People also ask, Related searches",informational,Organic
copy and paste cool symbols,60,60,390,57,0.00,https://www.symbolscopyandpaste.com/,0,0,0.00,0,152,"31, 2, 31, 31, 8, 37, 2, 25, 11, 13, 11, 20",2026-05-19,"Video, Related searches",informational,Organic
copy and paste cool symbols,63,63,390,57,0.00,https://www.symbolscopyandpaste.com/,0,0,0.00,0,152,"31, 2, 31, 31, 8, 37, 2, 25, 11, 13, 11, 20",2026-05-19,"Video, Related searches",informational,Organic
star sticker keyboard,50,50,40,58,0.00,https://www.symbolscopyandpaste.com/stars-symbols.html,0,0,0.00,0.33,174,"50, 0, 100, 14, 64, 14, 50, 14, 14, 14, 14, 14",2026-05-07,"Image pack, Video, Image, People also ask, Related searches",commercial,Organic
star sticker keyboard,95,95,40,58,0.00,https://www.symbolscopyandpaste.com/stars-symbols.html,0,0,0.00,0.33,174,"50, 0, 100, 14, 64, 14, 50, 14, 14, 14, 14, 14",2026-05-07,"Image pack, Video, Image, People also ask, Related searches",commercial,Organic
and symbols copy and paste,37,37,390,58,0.00,https://www.symbolscopyandpaste.com/,0,0,0.00,0,155,"7, 0, 0, 100, 10, 0, 16, 66, 0, 0, 0, 0",2026-05-24,"Video, People also ask, Related searches",informational,Organic
and symbols copy and paste,42,42,390,58,0.00,https://www.symbolscopyandpaste.com/,0,0,0.00,0,155,"7, 0, 0, 100, 10, 0, 16, 66, 0, 0, 0, 0",2026-05-24,"Video, People also ask, Related searches",informational,Organic
font symbol arrow,61,61,110,58,0.00,https://www.symbolscopyandpaste.com/arrows-symbols.html,0,0,0.00,0.33,99,"52, 100, 66, 42, 42, 52, 23, 19, 52, 80, 52, 80",2026-06-01,"Video, Image, People also ask, Related searches",informational,Organic
arrow character text,66,66,50,58,0.00,https://www.symbolscopyandpaste.com/arrows-symbols.html,0,0,0.00,0,99,"0, 0, 0, 0, 100, 1, 1, 0, 1, 0, 0, 3",2026-05-21,"Video, People also ask, Related searches",informational,Organic
arrow icon text,51,51,2400,59,0.00,https://www.symbolscopyandpaste.com/arrows-symbols.html,0,0,0.00,0.33,99,"66, 15, 54, 4, 24, 15, 43, 43, 43, 54, 66, 28",2026-06-06,"Image pack, Video, Image, People also ask, Related searches, AI overview",informational,Organic
arrows text symbol,55,55,70,59,0.00,https://www.symbolscopyandpaste.com/arrows-symbols.html,0,0,0.00,0.33,103,"0, 0, 65, 0, 0, 65, 65, 0, 0, 0, 34, 42",2026-06-08,"Video, People also ask, Related searches",commercial,Organic
arrow tect,58,58,140,59,0.00,https://www.symbolscopyandpaste.com/arrows-symbols.html,0,0,0.00,0,108,"39, 0, 26, 0, 0, 0, 0, 0, 0, 88, 0, 0",2026-05-26,"Image pack, Video, Image, People also ask, Related searches",informational,Organic
text copy and past,72,72,140,59,0.00,https://www.symbolscopyandpaste.com/,0,0,0.00,0.33,110,"81, 100, 81, 0, 0, 0, 0, 0, 0, 0, 0, 0",2026-06-02,"Video, Related searches",informational,Organic
arrow icon copy and paste,58,58,590,59,0.00,https://www.symbolscopyandpaste.com/arrows-symbols.html,0,0,0.00,0.33,128,"35, 23, 0, 8, 1, 8, 1, 2, 5, 2, 3, 0",2026-05-27,"Video, Image, People also ask, Related searches",informational,Organic
arrow font symbol,59,59,210,59,0.00,https://www.symbolscopyandpaste.com/arrows-symbols.html,0,0,0.00,0,271000000,"53, 53, 53, 53, 65, 65, 65, 65, 65, 65, 53, 53",2026-05-04,"Image pack, Video, Image, People also ask, Related searches",informational,Organic
symbol fonts copy and paste,79,79,70,60,0.00,https://www.symbolscopyandpaste.com/,0,0,0.00,0,137,"29, 29, 41, 29, 23, 100, 29, 11, 82, 17, 41, 100",2026-04-22,"Sitelinks, Image, Related searches",informational,Organic
arrows text symbols,53,55,170,60,0.00,https://www.symbolscopyandpaste.com/arrows-symbols.html,0,0,0.00,0.33,100,"0, 0, 36, 0, 0, 36, 0, 0, 0, 0, 0, 100",2026-06-12,"Image pack, Video, Related searches, AI overview",informational,Organic
cool symbols for copy and paste,66,66,260,60,0.00,https://www.symbolscopyandpaste.com/,0,0,0.00,0.33,150,"8, 8, 100, 8, 10, 8, 20, 10, 8, 8, 10, 16",2026-05-30,"Sitelinks, Video, People also ask, Related searches",informational,Organic
typed arrow symbol,84,84,590,60,0.00,https://www.symbolscopyandpaste.com/arrows-symbols.html,0,0,0.00,0,5490000,"13, 55, 100, 100, 67, 45, 13, 13, 76, 100, 3, 8",2026-04-23,"Image pack, Video, Image, People also ask, Related searches",informational,Organic
arrow characters text,46,46,480,60,0.00,https://www.symbolscopyandpaste.com/arrows-symbols.html,0,0,0.00,0.33,97,"2, 8, 8, 44, 8, 2, 3, 2, 3, 3, 3, 3",2026-05-29,"Video, People also ask, Related searches",informational,Organic
arrow characters text,51,51,480,60,0.00,https://www.symbolscopyandpaste.com/arrows-symbols.html,0,0,0.00,0.33,97,"2, 8, 8, 44, 8, 2, 3, 2, 3, 3, 3, 3",2026-05-29,"Video, People also ask, Related searches",informational,Organic
copy symbols text,76,76,50,60,0.00,https://www.symbolscopyandpaste.com/,0,0,0.00,0.33,322000000,"78, 7, 50, 7, 7, 7, 78, 14, 14, 14, 78, 100",2026-04-27,"Image pack, Image, Related searches",informational,Organic
symbols to copy and paste,98,98,1900,61,0.00,https://www.symbolscopyandpaste.com/,0,0,0.00,0,136000000,"35, 18, 24, 24, 44, 24, 35, 24, 29, 66, 35, 66",2026-04-19,"Video, Image, Related searches",informational,Organic
text arrow symbol,44,44,210,61,0.00,https://www.symbolscopyandpaste.com/arrows-symbols.html,0,0,0.00,0,106,"29, 54, 29, 66, 0, 0, 9, 29, 19, 23, 29, 19",2026-05-22,"Image pack, Video, Image, People also ask, Related searches",informational,Organic
text arrow symbol,46,46,210,61,0.00,https://www.symbolscopyandpaste.com/arrows-symbols.html,0,0,0.00,0,106,"29, 54, 29, 66, 0, 0, 9, 29, 19, 23, 29, 19",2026-05-22,"Image pack, Video, Image, People also ask, Related searches",informational,Organic
arrow text icon,75,75,720,61,0.00,https://www.symbolscopyandpaste.com/arrows-symbols.html,0,0,0.00,0,99,"13, 0, 0, 1, 34, 55, 13, 2, 20, 65, 100, 11",2026-05-05,"Image pack, Video, Image, People also ask, Related searches",informational,Organic
arrow text icon,81,81,720,61,0.00,https://www.symbolscopyandpaste.com/arrows-symbols.html,0,0,0.00,0,99,"13, 0, 0, 1, 34, 55, 13, 2, 20, 65, 100, 11",2026-05-05,"Image pack, Video, Image, People also ask, Related searches",informational,Organic
arrows in text,59,59,720,61,0.00,https://www.symbolscopyandpaste.com/arrows-symbols.html,0,0,0.00,0.33,103,"31, 31, 46, 31, 25, 37, 37, 37, 31, 31, 25, 100",2026-05-29,"Video, Image, People also ask, Related searches",informational,Organic
copy and paste symbols and letters,62,62,210,61,0.00,https://www.symbolscopyandpaste.com/,0,0,0.00,0.33,143,"29, 100, 35, 29, 35, 22, 54, 54, 54, 35, 35, 54",2026-05-30,"Video, People also ask, Related searches",informational,Organic
free symbols copy and paste,45,45,140,61,0.00,https://www.symbolscopyandpaste.com/,0,0,0.00,0,139,"52, 52, 52, 52, 52, 100, 66, 66, 52, 52, 66, 52",2026-05-17,"Sitelinks, Video, Related searches",informational,Organic
arrow symbol text,71,71,1000,61,0.00,https://www.symbolscopyandpaste.com/arrows-symbols.html,0,0,0.00,0,102,"13, 15, 15, 13, 19, 19, 13, 15, 19, 13, 10, 15",2026-04-22,"Image pack, Video, Image, Related searches",informational,Organic
list of text symbols,77,77,70,61,0.00,https://www.symbolscopyandpaste.com/,0,0,0.00,0.33,100,"7, 7, 4, 5, 13, 2, 3, 2, 2, 0, 0, 0",2026-05-29,"Image pack, Sitelinks, Video, Image, People also ask, Related searches",informational,Organic
copy and paste all symbols,71,71,110,61,0.00,https://www.symbolscopyandpaste.com/,0,0,0.00,0,194000000,"50, 78, 78, 78, 100, 78, 78, 78, 78, 78, 78, 64",2026-05-13,"Image pack, Sitelinks, Video, Image, Related searches",informational,Organic
copy and paste all symbols,77,77,110,61,0.00,https://www.symbolscopyandpaste.com/,0,0,0.00,0,194000000,"50, 78, 78, 78, 100, 78, 78, 78, 78, 78, 78, 64",2026-05-13,"Image pack, Sitelinks, Video, Image, Related searches",informational,Organic
all symbols copy and paste,64,64,110,62,0.00,https://www.symbolscopyandpaste.com/,0,0,0.00,0.33,147,"78, 78, 78, 100, 100, 100, 78, 50, 78, 78, 78, 50",2026-05-28,"Sitelinks, Video, Related searches",informational,Organic
logo copy and paste,67,67,140,62,0.00,https://www.symbolscopyandpaste.com/,0,0,0.00,0,100,"12, 28, 100, 34, 65, 12, 21, 15, 28, 65, 53, 34",2026-05-15,"Image pack, Video, Related searches",informational,Organic
text arrows,54,54,590,62,0.00,https://www.symbolscopyandpaste.com/arrows-symbols.html,0,0,0.00,0,1290000000,"13, 25, 16, 37, 25, 20, 37, 52, 37, 37, 31, 25",2026-05-03,"Video, Image, People also ask, Related searches",informational,Organic
symbols text,63,63,1600,62,0.00,https://www.symbolscopyandpaste.com/,0,0,0.00,0.33,118,"16, 16, 13, 24, 16, 19, 13, 13, 19, 10, 13, 16",2026-05-28,"Image pack, Video, People also ask",informational,Organic
text symbol arrow,44,44,480,62,0.00,https://www.symbolscopyandpaste.com/arrows-symbols.html,0,0,0.00,0,99,"54, 100, 44, 44, 81, 44, 54, 81, 66, 66, 54, 66",2026-05-24,"Image pack, Video, Image, People also ask, Related searches",informational,Organic
copy paste designs,69,69,390,62,0.00,https://www.symbolscopyandpaste.com/,0,0,0.00,0,103,"54, 81, 66, 66, 54, 66, 66, 81, 81, 81, 81, 100",2026-04-27,"Sitelinks, Video, Image, Related searches",informational,Organic
special text symbol,54,54,50,63,0.00,https://www.symbolscopyandpaste.com/,0,0,0.00,0,1360000000,"63, 36, 45, 27, 36, 27, 100, 45, 36, 27, 45, 45",2026-05-07,"Image pack, Video, Image, People also ask, Related searches",informational,Organic
copyable text symbols,41,41,70,63,0.00,https://www.symbolscopyandpaste.com/,0,0,0.00,0.33,322000000,"78, 14, 78, 14, 14, 14, 78, 14, 14, 14, 78, 100",2026-04-30,"Image pack, Image, People also ask, Related searches",informational,Organic
arrows text,58,58,590,63,0.00,https://www.symbolscopyandpaste.com/arrows-symbols.html,0,0,0.00,0.33,103,"54, 20, 24, 24, 30, 13, 7, 16, 24, 3, 54, 30",2026-06-03,"Video, Image, People also ask, Related searches",commercial,Organic
arrows text,59,59,590,63,0.00,https://www.symbolscopyandpaste.com/arrows-symbols.html,0,0,0.00,0.33,103,"54, 20, 24, 24, 30, 13, 7, 16, 24, 3, 54, 30",2026-06-03,"Video, Image, People also ask, Related searches",commercial,Organic
cool copy paste things,58,58,110,64,0.00,https://www.symbolscopyandpaste.com/,0,0,0.00,0.33,112,"42, 100, 66, 66, 33, 52, 66, 19, 52, 33, 80, 42",2026-05-30,"Image pack, Video, Related searches",informational,Organic
text symbol icons,64,64,140,64,0.00,https://www.symbolscopyandpaste.com/,0,0,0.00,0.33,118,"34, 53, 53, 34, 26, 42, 65, 100, 100, 65, 26, 65",2026-06-01,"Image pack, Video, Related searches",informational,Organic
symbol text copy and paste,66,66,170,64,0.00,https://www.symbolscopyandpaste.com/,0,0,0.00,0,229000000,"54, 81, 35, 54, 14, 81, 8, 2, 8, 35, 14, 18",2026-04-29,"Sitelinks, Image, Related searches",informational,Organic
symbol to copy and paste,77,77,170,64,0.00,https://www.symbolscopyandpaste.com/,0,0,0.00,0,260000000,"0, 0, 0, 88, 100, 0, 1, 0, 0, 0, 0, 26",2026-05-10,"Video, Image, People also ask, Related searches",informational,Organic
text arrow,61,94,1600,64,0.00,https://www.symbolscopyandpaste.com/arrows-symbols.html,0,0,0.00,0.33,111,"82, 55, 34, 55, 44, 82, 44, 65, 65, 34, 65, 65",2026-06-11,"Video, Image, People also ask, Related searches",commercial,Organic
free copy paste symbols,49,49,110,64,0.00,https://www.symbolscopyandpaste.com/,0,0,0.00,0.33,102,"78, 78, 78, 50, 78, 78, 100, 64, 100, 100, 64, 78",2026-05-29,Related searches,informational,Organic
symbol for copy paste,50,50,110,64,0.00,https://www.symbolscopyandpaste.com/,0,0,0.00,0,112,"0, 0, 0, 0, 0, 0, 0, 0, 100, 0, 0, 0",2026-05-16,"Image pack, Video, People also ask, Related searches, AI overview",informational,Organic
text arrow symbols,73,73,170,64,0.00,https://www.symbolscopyandpaste.com/arrows-symbols.html,0,0,0.00,0,709000000,"54, 0, 66, 44, 0, 0, 0, 0, 0, 29, 44, 23",2026-04-21,"Image pack, Video, Image, People also ask, Related searches",informational,Organic
text arrow symbols,79,79,170,64,0.00,https://www.symbolscopyandpaste.com/arrows-symbols.html,0,0,0.00,0,709000000,"54, 0, 66, 44, 0, 0, 0, 0, 0, 29, 44, 23",2026-04-21,"Image pack, Video, Image, People also ask, Related searches",informational,Organic
symbols fonts copy and paste,55,55,90,65,0.00,https://www.symbolscopyandpaste.com/,0,0,0.00,0,133,"17, 64, 82, 82, 100, 0, 82, 0, 0, 82, 82, 0",2026-05-22,"Sitelinks, Video, Related searches",informational,Organic
text characters and symbols,73,73,70,65,0.00,https://www.symbolscopyandpaste.com/,0,0,0.00,0.33,129,"11, 11, 11, 11, 100, 11, 11, 11, 82, 64, 64, 52",2026-06-03,"Sitelinks, Video, Related searches",informational,Organic
fun copy and paste symbols,49,49,390,65,0.00,https://www.symbolscopyandpaste.com/,0,0,0.00,0,157,"100, 82, 100, 100, 100, 82, 82, 66, 66, 82, 66, 82",2026-05-21,"Video, Related searches",informational,Organic
copy paste text icons,65,65,110,65,0.00,https://www.symbolscopyandpaste.com/,0,0,0.00,0,102000000,"52, 66, 33, 52, 42, 33, 66, 42, 42, 52, 42, 80",2026-05-13,"Image pack, Sitelinks, Video, Image, Related searches",informational,Organic
text font symbols,86,86,210,65,0.00,https://www.symbolscopyandpaste.com/,0,0,0.00,0,344000000,"43, 65, 81, 53, 65, 53, 65, 100, 53, 100, 65, 100",2026-04-27,"Image pack, Sitelinks, Image, Related searches","informational, transactional",Organic
copy paste cool stuff,63,63,90,66,0.00,https://www.symbolscopyandpaste.com/,0,0,0.00,0.33,105,"42, 34, 42, 26, 26, 42, 19, 15, 26, 34, 34, 34",2026-05-30,"People also ask, Related searches",informational,Organic
copy and paste symobls,61,61,140,66,0.00,https://www.symbolscopyandpaste.com/,0,0,0.00,0,117,"0, 0, 30, 10, 0, 100, 0, 0, 0, 0, 0, 0",2026-05-27,"Image pack, Video, Related searches",informational,Organic
text icons to copy and paste,67,0,110,66,0.00,https://www.symbolscopyandpaste.com/,0,0,0.00,0.33,142,"52, 100, 100, 52, 52, 42, 33, 33, 33, 52, 42, 52",2026-06-12,"Sitelinks, Reviews, Video, Related searches",informational,Organic
characters copy paste,52,52,140,66,0.00,https://www.symbolscopyandpaste.com/,0,0,0.00,0,109,"45, 0, 10, 3, 24, 0, 10, 0, 0, 0, 0, 20",2026-05-27,"Video, Related searches",informational,Organic
symble text,55,55,260,67,0.00,https://www.symbolscopyandpaste.com/,0,0,0.00,0,118,"0, 20, 68, 0, 68, 0, 0, 0, 0, 0, 0, 0",2026-05-23,"Image pack, Sitelinks, Video, Related searches",informational,Organic
symbol generator copy and paste,43,43,320,67,0.00,https://www.symbolscopyandpaste.com/,0,0,0.00,0,136,"43, 66, 66, 66, 100, 100, 100, 66, 100, 66, 100, 66",2026-05-08,"Image pack, Related searches",informational,Organic
text symbol copy and paste,61,61,1900,68,0.00,https://www.symbolscopyandpaste.com/,0,0,0.00,0,155,"44, 55, 82, 82, 82, 55, 82, 44, 44, 55, 44, 55",2026-05-09,"Sitelinks, Video, Image, Related searches",informational,Organic
symbol emojis copy and paste,56,56,40,68,0.00,https://www.symbolscopyandpaste.com/,0,0,0.00,0,147,"0, 0, 0, 0, 0, 0, 3, 53, 0, 0, 100, 0",2026-05-16,"Image pack, Video, People also ask, Related searches",informational,Organic
special symbols copy and paste,83,83,590,68,0.00,https://www.symbolscopyandpaste.com/,0,0,0.00,0,135000000,"66, 66, 81, 81, 100, 66, 81, 100, 66, 100, 54, 81",2026-04-21,"Image pack, Image, People also ask, Related searches",informational,Organic
text symbols copy and paste,68,68,2900,68,0.00,https://www.symbolscopyandpaste.com/,0,0,0.00,0.33,152,"54, 43, 65, 100, 100, 54, 65, 100, 81, 65, 65, 65",2026-06-07,"Image pack, Video, Related searches",informational,Organic
font symbols copy and paste,52,52,720,69,0.00,https://www.symbolscopyandpaste.com/,0,0,0.00,0,153,"48, 59, 72, 72, 72, 59, 72, 72, 100, 72, 88, 100",2026-05-22,"Video, Image, Related searches",informational,Organic
cool copy and paste symbols,67,67,1900,69,0.00,https://www.symbolscopyandpaste.com/,0,0,0.00,0,167,"35, 18, 24, 35, 24, 100, 53, 35, 29, 24, 29, 16",2026-05-19,"Image pack, Video, People also ask, Related searches",informational,Organic
unique symbols copy and paste,46,46,210,69,0.00,https://www.symbolscopyandpaste.com/,0,0,0.00,0,150,"100, 80, 65, 65, 65, 80, 80, 80, 65, 80, 80, 100",2026-05-23,"Video, People also ask, Related searches",informational,Organic
free symbols to copy and paste,49,49,110,69,0.00,https://www.symbolscopyandpaste.com/,0,0,0.00,0,135,"100, 100, 100, 100, 100, 100, 63, 63, 81, 100, 100, 100",2026-05-15,"Sitelinks, Video, Related searches",informational,Organic
symbols for typing,68,68,140,70,0.00,https://www.symbolscopyandpaste.com/,0,0,0.00,0.33,134,"34, 21, 53, 43, 0, 53, 53, 53, 43, 65, 43, 53",2026-06-02,"Image pack, Video, Video Carousel, Related searches",informational,Organic
font copy and paste symbols,76,76,720,70,0.00,https://www.symbolscopyandpaste.com/,0,0,0.00,0,49000000,"14, 72, 72, 48, 100, 100, 48, 72, 72, 72, 39, 48",2026-05-06,"Video, Image, People also ask, Related searches",informational,Organic
text copy and paste symbols,71,71,390,71,0.00,https://www.symbolscopyandpaste.com/,0,0,0.00,0.33,152,"11, 46, 0, 13, 13, 8, 8, 8, 20, 52, 20, 37",2026-06-03,"Video, Image, Related searches",informational,Organic
twitter symbols copy and paste,52,52,90,71,0.00,https://www.symbolscopyandpaste.com/,0,0,0.00,0,18800000,"19, 12, 15, 12, 19, 10, 7, 7, 10, 5, 5, 7",2026-04-30,"Video, Image, People also ask, Related searches",informational,Organic
symbols text copy and paste,56,56,140,71,0.00,https://www.symbolscopyandpaste.com/,0,0,0.00,0,151,"0, 0, 4, 0, 4, 48, 4, 39, 11, 5, 5, 48",2026-05-19,"Sitelinks, Video, Image, Related searches",informational,Organic
symbols text copy and paste,60,60,140,71,0.00,https://www.symbolscopyandpaste.com/,0,0,0.00,0,151,"0, 0, 4, 0, 4, 48, 4, 39, 11, 5, 5, 48",2026-05-19,"Sitelinks, Video, Image, Related searches",informational,Organic
symbols for copy paste,61,61,140,71,0.00,https://www.symbolscopyandpaste.com/,0,0,0.00,0.33,113,"28, 28, 28, 28, 66, 0, 100, 0, 35, 0, 0, 0",2026-06-07,"Sitelinks, Video, People also ask, Related searches",informational,Organic
cool copy and paste text,65,65,320,71,0.00,https://www.symbolscopyandpaste.com/,0,0,0.00,0,183,"13, 10, 10, 7, 13, 5, 8, 7, 3, 7, 13, 7",2026-05-23,"Video, People also ask",informational,Organic
symbols for copy and paste,57,57,260,71,0.00,https://www.symbolscopyandpaste.com/,0,0,0.00,0,146,"20, 20, 0, 20, 8, 0, 30, 16, 10, 100, 0, 13",2026-05-24,"Image pack, Sitelinks, Video, People also ask, Related searches",informational,Organic
paste symbol,60,60,70,72,0.00,https://www.symbolscopyandpaste.com/,0,0,0.00,0,111,"55, 77, 100, 77, 100, 44, 100, 100, 44, 55, 44, 77",2026-05-19,"Image pack, Video, People also ask, Related searches, AI overview",informational,Organic
awesome symbols to copy and paste,57,57,3600,72,0.00,https://www.symbolscopyandpaste.com/,0,0,0.00,0.33,169,"100, 43, 66, 0, 5, 54, 81, 66, 66, 54, 81, 81",2026-06-06,"Video, Related searches, Discussions and forums, AI overview",informational,Organic
awesome symbols to copy and paste,79,79,3600,72,0.00,https://www.symbolscopyandpaste.com/,0,0,0.00,0.33,169,"100, 43, 66, 0, 5, 54, 81, 66, 66, 54, 81, 81",2026-06-06,"Video, Related searches, Discussions and forums, AI overview",informational,Organic
awesome symbols to copy and paste,81,81,3600,72,0.00,https://www.symbolscopyandpaste.com/,0,0,0.00,0.33,169,"100, 43, 66, 0, 5, 54, 81, 66, 66, 54, 81, 81",2026-06-06,"Video, Related searches, Discussions and forums, AI overview",informational,Organic
copy and paste symbols text,66,66,720,74,0.00,https://www.symbolscopyandpaste.com/,0,0,0.00,0.33,157,"30, 44, 65, 30, 16, 55, 11, 5, 34, 8, 13, 16",2026-06-11,"Sitelinks, Video, People also ask",informational,Organic
cut and paste symbols,57,0,1300,74,0.00,https://www.symbolscopyandpaste.com/,0,0,0.00,0.33,117,"16, 35, 100, 2, 7, 8, 7, 0, 4, 5, 0, 0",2026-06-11,"Image pack, Reviews, Video, People also ask, Related searches",informational,Organic
cut and paste text symbols,62,62,2900,75,0.00,https://www.symbolscopyandpaste.com/,0,0,0.00,0.33,179,"81, 44, 66, 1, 16, 44, 44, 81, 66, 44, 66, 66",2026-06-09,"Video, People also ask, Related searches",informational,Organic
: copy and paste,66,66,70,75,0.00,https://www.symbolscopyandpaste.com/,0,0,0.00,0,109,"0, 0, 14, 0, 0, 0, 0, 0, 0, 59, 0, 0",2026-05-26,"Video, People also ask, Related searches",informational,Organic
symbols com,48,48,210,78,0.00,https://www.symbolscopyandpaste.com/,0,0,0.00,0,102,"17, 53, 66, 100, 53, 43, 43, 53, 82, 66, 53, 82",2026-05-26,People also ask,"informational, transactional",Organic
copy-paste,67,67,1900,78,0.00,https://www.symbolscopyandpaste.com/,0,0,0.00,0,116,"1, 0, 19, 0, 10, 0, 0, 0, 0, 100, 0, 2",2026-05-19,"Video, Video Carousel, People also ask, AI overview",informational,Organic
copyn paste,65,65,170,82,1.25,https://www.symbolscopyandpaste.com/,0,0,0.00,0,116,"0, 0, 0, 0, 0, 0, 0, 100",2026-05-19,"Video, Video Carousel, People also ask, Related searches",informational,Organic
cpoy paste,79,79,50,83,2.13,https://www.symbolscopyandpaste.com/,0,0,0.00,0.01,117,"0, 0, 100, 0, 1, 1, 0, 0, 0, 0, 0, 0",2026-06-02,"Image pack, Sitelinks, Video, Video Carousel, People also ask, Related searches, Things to know",informational,Organic
copy and past,62,62,1000,84,0.00,https://www.symbolscopyandpaste.com/,0,0,0.00,0,111,"18, 8, 13, 24, 24, 24, 35, 13, 18, 10, 10, 24",2026-05-23,"Video, People also ask, Related searches",informational,Organic
coppy pasta,68,68,210,84,1.25,https://www.symbolscopyandpaste.com/,0,0,0.00,0,119,"3, 8, 0, 24, 13, 55, 16, 0, 0, 76, 0, 0",2026-05-24,"Video, Video Carousel, People also ask, Related searches, Things to know",informational,Organic
copyem paste,79,79,1600,85,0.00,https://www.symbolscopyandpaste.com/,0,0,0.00,0.33,129,"0, 29, 0, 0, 100, 5, 0, 7, 1, 0, 0, 1",2026-06-02,"Image pack, Video, Video Carousel, People also ask, Related searches, Things to know",informational,Organic
coy paste,63,63,70,86,1.25,https://www.symbolscopyandpaste.com/,0,0,0.00,0,116,"0, 0, 35, 0, 0, 100, 0, 0, 0, 0, 0, 0",2026-05-24,"Video, Video Carousel, People also ask, Related searches, Things to know",informational,Organic
