Page URL,Page type,Primary intent,Priority,Search volume,Has OG image,OG image path,Has Twitter image,Hero image path,Hero decorative,Hero alt text,Fix applied,Remaining recommendation
https://ultratextgen.com/library/slash-backslash-symbols/,symbol library,/,Highest,165000,yes,/assets/og/library-slash-backslash-symbols.png,yes,/assets/hero/library-slash-backslash-symbols.svg,yes,,OG triple completed; hero set decorative,
https://ultratextgen.com/discord/,platform,discord fonts,Highest,33100,yes,/assets/og/discord.png,yes,/assets/hero/discord.svg,yes,,OG triple completed; hero set decorative,
https://ultratextgen.com/usecase/zalgo-text/,use case,zalgo text,Highest,12100,yes,/assets/og/usecase-zalgo-text.png,yes,/assets/hero/usecase-zalgo-text.svg,yes,,OG triple completed; hero set decorative,
https://ultratextgen.com/snapchat/,platform,snapchat font generator,Highest,140,yes,/assets/og/snapchat.png,yes,/assets/hero/snapchat.svg,yes,,OG triple completed; hero set decorative,
https://ultratextgen.com/facebook/,platform,platform,Highest,,yes,/assets/og/facebook.png,yes,/assets/hero/facebook.svg,yes,,OG triple completed; hero set decorative,
https://ultratextgen.com/,homepage,homepage,Highest,,yes,/assets/og/fancy-text-generator-preview.png,yes,,n/a,,OG triple completed,
https://ultratextgen.com/instagram/,platform,platform,Highest,,yes,/assets/og/instagram.png,yes,/assets/hero/instagram.svg,yes,,OG triple completed; hero set decorative,
https://ultratextgen.com/pinterest/,platform,platform,Highest,,yes,/assets/og/pinterest.png,yes,/assets/hero/pinterest.svg,yes,,OG triple completed; hero set decorative,
https://ultratextgen.com/roblox/,platform,platform,Highest,,yes,/assets/og/roblox.png,yes,/assets/hero/roblox.svg,yes,,OG triple completed; hero set decorative,
https://ultratextgen.com/telegram/,platform,platform,Highest,,yes,/assets/og/telegram.png,yes,/assets/hero/telegram.svg,yes,,OG triple completed; hero set decorative,
https://ultratextgen.com/tiktok/,platform,platform,Highest,,yes,/assets/og/tiktok.png,yes,/assets/hero/tiktok.svg,yes,,OG triple completed; hero set decorative,
https://ultratextgen.com/whatsapp/,platform,platform,Highest,,yes,/assets/og/whatsapp.png,yes,/assets/hero/whatsapp.svg,yes,,OG triple completed; hero set decorative,
https://ultratextgen.com/x/,platform,platform,Highest,,yes,/assets/og/x.png,yes,/assets/hero/x.svg,yes,,OG triple completed; hero set decorative,
https://ultratextgen.com/youtube/,platform,platform,Highest,,yes,/assets/og/youtube.png,yes,/assets/hero/youtube.svg,yes,,OG triple completed; hero set decorative,
https://ultratextgen.com/library/instagram-symbols/,symbol library,instagram symbols,High,1900,yes,/assets/og/library-instagram-symbols.png,yes,/assets/hero/library-instagram-symbols.svg,yes,,OG triple completed; hero set decorative,
https://ultratextgen.com/library/discord-symbols/,symbol library,discord symbol,High,1300,yes,/assets/og/library-discord-symbols.png,yes,/assets/hero/library-discord-symbols.svg,yes,,OG triple completed; hero set decorative,
https://ultratextgen.com/library/x-twitter-symbols/,symbol library,twitter symbols,High,880,yes,/assets/og/library-x-twitter-symbols.png,yes,/assets/hero/library-x-twitter-symbols.svg,yes,,OG triple completed; hero set decorative,
https://ultratextgen.com/linkedin/,platform,linkedin font,High,720,yes,/assets/og/linkedin.png,yes,/assets/hero/linkedin.svg,yes,,OG triple completed; hero set decorative,
https://ultratextgen.com/usecase/vertical-text/,use case,letters ontop font,High,720,yes,/assets/og/usecase-vertical-text.png,yes,/assets/hero/usecase-vertical-text.svg,yes,,OG triple completed; hero set decorative,
https://ultratextgen.com/library/greek-letter-symbols/,symbol library,symbol for alpha,High,590,yes,/assets/og/library-greek-letter-symbols.png,yes,/assets/hero/library-greek-letter-symbols.svg,yes,,OG triple completed; hero set decorative,
https://ultratextgen.com/usecase/text-to-emoji/,use case,text to emoji translator,High,260,yes,/assets/og/usecase-text-to-emoji.png,yes,/assets/hero/usecase-text-to-emoji.svg,yes,,OG triple completed; hero set decorative,
https://ultratextgen.com/usecase/comment-font/,use case,youtube comment font,High,140,yes,/assets/og/usecase-comment-font.png,yes,/assets/hero/usecase-comment-font.svg,yes,,OG triple completed; hero set decorative,
https://ultratextgen.com/usecase/before-after-emoji/,use case,use case,High,,yes,/assets/og/usecase-before-after-emoji.png,yes,/assets/hero/usecase-before-after-emoji.svg,yes,,OG triple completed; hero set decorative,
https://ultratextgen.com/usecase/bio-font/,use case,use case,High,,yes,/assets/og/usecase-bio-font.png,yes,/assets/hero/usecase-bio-font.svg,yes,,OG triple completed; hero set decorative,
https://ultratextgen.com/usecase/emoji-combinations/,use case,use case,High,,yes,/assets/og/usecase-emoji-combinations.png,yes,/assets/hero/usecase-emoji-combinations.svg,yes,,OG triple completed; hero set decorative,
https://ultratextgen.com/usecase/,use case,use case,High,,yes,/assets/og/usecase.png,yes,/assets/hero/usecase.svg,yes,,OG triple completed; hero set decorative,
https://ultratextgen.com/usecase/linkedin-headline/,use case,use case,High,,yes,/assets/og/usecase-linkedin-headline.png,yes,/assets/hero/usecase-linkedin-headline.svg,yes,,OG triple completed; hero set decorative,
https://ultratextgen.com/library/emoji-flags/,symbol library,flag emoji list,Medium,390,yes,/assets/og/library-emoji-flags.png,yes,/assets/hero/library-emoji-flags.svg,yes,,OG triple completed; hero set decorative,
https://ultratextgen.com/library/chess-symbols/,symbol library,chess piece symbols,Medium,210,yes,/assets/og/library-chess-symbols.png,yes,/assets/hero/library-chess-symbols.svg,yes,,OG triple completed; hero set decorative,
https://ultratextgen.com/library/flower-symbols/,symbol library,flower symbol text,Medium,210,yes,/assets/og/library-flower-symbols.png,yes,/assets/hero/library-flower-symbols.svg,yes,,OG triple completed; hero set decorative,
https://ultratextgen.com/library/cross-x-symbols/,symbol library,cross x symbol,Medium,170,yes,/assets/og/library-cross-x-symbols.png,yes,/assets/hero/library-cross-x-symbols.svg,yes,,OG triple completed; hero set decorative,
https://ultratextgen.com/library/email-symbols/,symbol library,email icon copy paste,Medium,140,yes,/assets/og/library-email-symbols.png,yes,/assets/hero/library-email-symbols.svg,yes,,OG triple completed; hero set decorative,
https://ultratextgen.com/library/smiley-face-guide/,symbol library,meaning smiley face symbols,Medium,140,yes,/assets/og/library-smiley-face-guide.png,yes,/assets/hero/library-smiley-face-guide.svg,yes,,OG triple completed; hero set decorative,
https://ultratextgen.com/library/yin-yang-symbol/,symbol library,yin yang sign copy and paste,Medium,140,yes,/assets/og/library-yin-yang-symbol.png,yes,/assets/hero/library-yin-yang-symbol.svg,yes,,OG triple completed; hero set decorative,
https://ultratextgen.com/library/animal-emojis/,symbol library,text animals with symbols,Medium,110,yes,/assets/og/library-animal-emojis.png,yes,/assets/hero/library-animal-emojis.svg,yes,,OG triple completed; hero set decorative,
https://ultratextgen.com/library/bow-ribbon-symbols/,symbol library,ribbon aesthetic,Medium,110,yes,/assets/og/library-bow-ribbon-symbols.png,yes,/assets/hero/library-bow-ribbon-symbols.svg,yes,,OG triple completed; hero set decorative,
https://ultratextgen.com/library/roblox-symbols/,symbol library,roblox logo text symbol,Medium,110,yes,/assets/og/library-roblox-symbols.png,yes,/assets/hero/library-roblox-symbols.svg,yes,,OG triple completed; hero set decorative,
https://ultratextgen.com/library/dash-hyphen-symbols/,symbol library,unicode hyphen,Medium,70,yes,/assets/og/library-dash-hyphen-symbols.png,yes,/assets/hero/library-dash-hyphen-symbols.svg,yes,,OG triple completed; hero set decorative,
https://ultratextgen.com/library/awareness-ribbons/,symbol library,symbols for awareness,Medium,50,yes,/assets/og/library-awareness-ribbons.png,yes,/assets/hero/library-awareness-ribbons.svg,yes,,OG triple completed; hero set decorative,
https://ultratextgen.com/answers/change-font-size-on-facebook/,answer,answer,Medium,,yes,/assets/og/answers-change-font-size-on-facebook.png,yes,/assets/hero/answers-change-font-size-on-facebook.svg,yes,,OG triple completed; hero set decorative,
https://ultratextgen.com/answers/discord-allowed-characters/,answer,answer,Medium,,yes,/assets/og/answers-discord-allowed-characters.png,yes,/assets/hero/answers-discord-allowed-characters.svg,yes,,OG triple completed; hero set decorative,
https://ultratextgen.com/answers/do-you-need-nitro-for-discord-fonts/,answer,answer,Medium,,yes,/assets/og/answers-do-you-need-nitro-for-discord-fonts.png,yes,/assets/hero/answers-do-you-need-nitro-for-discord-fonts.svg,yes,,OG triple completed; hero set decorative,
https://ultratextgen.com/answers/how-to-change-roblox-username/,answer,answer,Medium,,yes,/assets/og/answers-how-to-change-roblox-username.png,yes,/assets/hero/answers-how-to-change-roblox-username.svg,yes,,OG triple completed; hero set decorative,
https://ultratextgen.com/answers/how-to-change-tiktok-username/,answer,answer,Medium,,yes,/assets/og/answers-how-to-change-tiktok-username.png,yes,/assets/hero/answers-how-to-change-tiktok-username.svg,yes,,OG triple completed; hero set decorative,
https://ultratextgen.com/answers/,answer,answer,Medium,,yes,/assets/og/answers.png,yes,/assets/hero/answers.svg,yes,,OG triple completed; hero set decorative,
https://ultratextgen.com/answers/is-linkedin-bold-text-safe/,answer,answer,Medium,,yes,/assets/og/answers-is-linkedin-bold-text-safe.png,yes,/assets/hero/answers-is-linkedin-bold-text-safe.svg,yes,,OG triple completed; hero set decorative,
https://ultratextgen.com/answers/what-font-does-discord-use/,answer,answer,Medium,,yes,/assets/og/answers-what-font-does-discord-use.png,yes,/assets/hero/answers-what-font-does-discord-use.svg,yes,,OG triple completed; hero set decorative,
https://ultratextgen.com/answers/what-font-does-facebook-use/,answer,answer,Medium,,yes,/assets/og/answers-what-font-does-facebook-use.png,yes,/assets/hero/answers-what-font-does-facebook-use.svg,yes,,OG triple completed; hero set decorative,
https://ultratextgen.com/answers/what-font-does-linkedin-use/,answer,answer,Medium,,yes,/assets/og/answers-what-font-does-linkedin-use.png,yes,/assets/hero/answers-what-font-does-linkedin-use.svg,yes,,OG triple completed; hero set decorative,
https://ultratextgen.com/answers/what-font-does-snapchat-use/,answer,answer,Medium,,yes,/assets/og/answers-what-font-does-snapchat-use.png,yes,/assets/hero/answers-what-font-does-snapchat-use.svg,yes,,OG triple completed; hero set decorative,
https://ultratextgen.com/answers/what-is-a-tiktok-handle/,answer,answer,Medium,,yes,/assets/og/answers-what-is-a-tiktok-handle.png,yes,/assets/hero/answers-what-is-a-tiktok-handle.svg,yes,,OG triple completed; hero set decorative,
https://ultratextgen.com/category/aesthetic-fonts/,category,category,Medium,,yes,/assets/og/category-aesthetic-fonts.png,yes,/assets/hero/category-aesthetic-fonts.svg,yes,,OG triple completed; hero set decorative,
https://ultratextgen.com/category/bold-fonts/alternating/,category,category,Medium,,yes,/assets/og/category-bold-fonts-alternating.png,yes,/assets/hero/category-bold-fonts-alternating.svg,yes,,OG triple completed; hero set decorative,
https://ultratextgen.com/category/bold-fonts/bold-italic/,category,category,Medium,,yes,/assets/og/category-bold-fonts-bold-italic.png,yes,/assets/hero/category-bold-fonts-bold-italic.svg,yes,,OG triple completed; hero set decorative,
https://ultratextgen.com/category/bold-fonts/bold/,category,category,Medium,,yes,/assets/og/category-bold-fonts-bold.png,yes,/assets/hero/category-bold-fonts-bold.svg,yes,,OG triple completed; hero set decorative,
https://ultratextgen.com/category/bold-fonts/,category,category,Medium,,yes,/assets/og/category-bold-fonts.png,yes,/assets/hero/category-bold-fonts.svg,yes,,OG triple completed; hero set decorative,
https://ultratextgen.com/category/bubble-fonts/circle/,category,category,Medium,,yes,/assets/og/category-bubble-fonts-circle.png,yes,/assets/hero/category-bubble-fonts-circle.svg,yes,,OG triple completed; hero set decorative,
https://ultratextgen.com/category/bubble-fonts/,category,category,Medium,,yes,/assets/og/category-bubble-fonts.png,yes,/assets/hero/category-bubble-fonts.svg,yes,,OG triple completed; hero set decorative,
https://ultratextgen.com/category/classified/,category,category,Medium,,yes,/assets/og/category-classified.png,yes,/assets/hero/category-classified.svg,yes,,OG triple completed; hero set decorative,
https://ultratextgen.com/category/cursive-fonts/,category,category,Medium,,yes,/assets/og/category-cursive-fonts.png,yes,/assets/hero/category-cursive-fonts.svg,yes,,OG triple completed; hero set decorative,
https://ultratextgen.com/category/cursive-fonts/script/,category,category,Medium,,yes,/assets/og/category-cursive-fonts-script.png,yes,/assets/hero/category-cursive-fonts-script.svg,yes,,OG triple completed; hero set decorative,
https://ultratextgen.com/category/cute-fonts/,category,category,Medium,,yes,/assets/og/category-cute-fonts.png,yes,/assets/hero/category-cute-fonts.svg,yes,,OG triple completed; hero set decorative,
https://ultratextgen.com/category/gothic-fonts/fraktur/,category,category,Medium,,yes,/assets/og/category-gothic-fonts-fraktur.png,yes,/assets/hero/category-gothic-fonts-fraktur.svg,yes,,OG triple completed; hero set decorative,
https://ultratextgen.com/category/gothic-fonts/,category,category,Medium,,yes,/assets/og/category-gothic-fonts.png,yes,/assets/hero/category-gothic-fonts.svg,yes,,OG triple completed; hero set decorative,
https://ultratextgen.com/category/,category,category,Medium,,yes,/assets/og/category.png,yes,/assets/hero/category.svg,yes,,OG triple completed; hero set decorative,
https://ultratextgen.com/category/italic-fonts/,category,category,Medium,,yes,/assets/og/category-italic-fonts.png,yes,/assets/hero/category-italic-fonts.svg,yes,,OG triple completed; hero set decorative,
https://ultratextgen.com/category/small-text/,category,category,Medium,,yes,/assets/og/category-small-text.png,yes,/assets/hero/category-small-text.svg,yes,,OG triple completed; hero set decorative,
https://ultratextgen.com/category/strikethrough-text/,category,category,Medium,,yes,/assets/og/category-strikethrough-text.png,yes,/assets/hero/category-strikethrough-text.svg,yes,,OG triple completed; hero set decorative,
https://ultratextgen.com/category/underline-text/,category,category,Medium,,yes,/assets/og/category-underline-text.png,yes,/assets/hero/category-underline-text.svg,yes,,OG triple completed; hero set decorative,
https://ultratextgen.com/category/upside-down-text/,category,category,Medium,,yes,/assets/og/category-upside-down-text.png,yes,/assets/hero/category-upside-down-text.svg,yes,,OG triple completed; hero set decorative,
https://ultratextgen.com/category/word-wrappers/,category,category,Medium,,yes,/assets/og/category-word-wrappers.png,yes,/assets/hero/category-word-wrappers.svg,yes,,OG triple completed; hero set decorative,
https://ultratextgen.com/de/,localized,localized,Medium,,yes,/assets/og/coole-schriftarten-generator-preview.png,yes,,n/a,,OG triple completed,
https://ultratextgen.com/de/usecase/zalgo-text/,localized,localized,Medium,,yes,/assets/og/de-usecase-zalgo-text.png,yes,/assets/hero/de-usecase-zalgo-text.svg,yes,,OG triple completed; hero set decorative,
https://ultratextgen.com/es/,localized,localized,Medium,,yes,/assets/og/generador-de-letras-bonitas-preview.png,yes,,n/a,,OG triple completed,
https://ultratextgen.com/es/usecase/zalgo-text/,localized,localized,Medium,,yes,/assets/og/es-usecase-zalgo-text.png,yes,/assets/hero/es-usecase-zalgo-text.svg,yes,,OG triple completed; hero set decorative,
https://ultratextgen.com/fr/,localized,localized,Medium,,yes,/assets/og/generateur-de-polices-preview.png,yes,,n/a,,OG triple completed,
https://ultratextgen.com/fr/usecase/zalgo-text/,localized,localized,Medium,,yes,/assets/og/fr-usecase-zalgo-text.png,yes,/assets/hero/fr-usecase-zalgo-text.svg,yes,,OG triple completed; hero set decorative,
https://ultratextgen.com/guide/branding-with-fonts-for-social-media/,guide,guide,Medium,,yes,/guide/assets/og/branding-with-fonts-for-social-media.png,yes,,n/a,,OG triple completed,
https://ultratextgen.com/guide/comments-that-stand-out/,guide,guide,Medium,,yes,/guide/assets/og/comments-that-stand-out.png,yes,,n/a,,OG triple completed,
https://ultratextgen.com/guide/,guide,guide,Medium,,yes,/guide/assets/og/index.png,yes,,n/a,,OG triple completed,
https://ultratextgen.com/guide/linkedin-comments-guide/,guide,guide,Medium,,yes,/guide/assets/og/linkedin-comments-guide.png,yes,,n/a,,OG triple completed,
https://ultratextgen.com/guide/personal-branding-through-typography/,guide,guide,Medium,,yes,/guide/assets/og/personal-branding-through-typography.png,yes,,n/a,,OG triple completed,
https://ultratextgen.com/guide/stop-the-scroll-with-font-variation/,guide,guide,Medium,,yes,/guide/assets/og/stop-the-scroll-with-font-variation.png,yes,,n/a,,OG triple completed,
https://ultratextgen.com/guide/style-linkedin-hooks-to-stand-out/,guide,guide,Medium,,yes,/guide/assets/og/style-linkedin-hooks-to-stand-out.png,yes,,n/a,,OG triple completed,
https://ultratextgen.com/guide/the-rhetoric-of-fonts/,guide,guide,Medium,,yes,/guide/assets/og/the-rhetoric-of-fonts.png,yes,,n/a,,OG triple completed,
https://ultratextgen.com/guide/vertical-text-guide/,guide,guide,Medium,,yes,/guide/assets/og/vertical-text-guide.png,yes,,n/a,,OG triple completed,
https://ultratextgen.com/id/,localized,localized,Medium,,yes,/assets/og/generator-font-aesthetic-preview.png,yes,,n/a,,OG triple completed,
https://ultratextgen.com/id/usecase/zalgo-text/,localized,localized,Medium,,yes,/assets/og/id-usecase-zalgo-text.png,yes,/assets/hero/id-usecase-zalgo-text.svg,yes,,OG triple completed; hero set decorative,
https://ultratextgen.com/it/,localized,localized,Medium,,yes,/assets/og/generatore-di-testo-stilizzato-preview.png,yes,,n/a,,OG triple completed,
https://ultratextgen.com/it/usecase/zalgo-text/,localized,localized,Medium,,yes,/assets/og/it-usecase-zalgo-text.png,yes,/assets/hero/it-usecase-zalgo-text.svg,yes,,OG triple completed; hero set decorative,
https://ultratextgen.com/library/accent-marks-diacritics/,symbol library,symbol library,Medium,,yes,/assets/og/library-accent-marks-diacritics.png,yes,/assets/hero/library-accent-marks-diacritics.svg,yes,,OG triple completed; hero set decorative,
https://ultratextgen.com/library/achievement-symbols/,symbol library,symbol library,Medium,,yes,/assets/og/library-achievement-symbols.png,yes,/assets/hero/library-achievement-symbols.svg,yes,,OG triple completed; hero set decorative,
https://ultratextgen.com/library/aesthetic-borders-frames/,symbol library,symbol library,Medium,,yes,/assets/og/library-aesthetic-borders-frames.png,yes,/assets/hero/library-aesthetic-borders-frames.svg,yes,,OG triple completed; hero set decorative,
https://ultratextgen.com/library/aesthetic-symbols/,symbol library,symbol library,Medium,,yes,/assets/og/library-aesthetic-symbols.png,yes,/assets/hero/library-aesthetic-symbols.svg,yes,,OG triple completed; hero set decorative,
https://ultratextgen.com/library/alt-codes/,symbol library,symbol library,Medium,,yes,/assets/og/library-alt-codes.png,yes,/assets/hero/library-alt-codes.svg,yes,,OG triple completed; hero set decorative,
https://ultratextgen.com/library/angry-emoji/,symbol library,symbol library,Medium,,yes,/assets/og/library-angry-emoji.png,yes,/assets/hero/library-angry-emoji.svg,yes,,OG triple completed; hero set decorative,
https://ultratextgen.com/library/arrow-symbols/,symbol library,symbol library,Medium,,yes,/assets/og/library-arrow-symbols.png,yes,/assets/hero/library-arrow-symbols.svg,yes,,OG triple completed; hero set decorative,
https://ultratextgen.com/library/art-stationery-emojis/,symbol library,symbol library,Medium,,yes,/assets/og/library-art-stationery-emojis.png,yes,/assets/hero/library-art-stationery-emojis.svg,yes,,OG triple completed; hero set decorative,
https://ultratextgen.com/library/ascii-table/,symbol library,symbol library,Medium,,yes,/assets/og/library-ascii-table.png,yes,/assets/hero/library-ascii-table.svg,yes,,OG triple completed; hero set decorative,
https://ultratextgen.com/library/beauty-nails-emojis/,symbol library,symbol library,Medium,,yes,/assets/og/library-beauty-nails-emojis.png,yes,/assets/hero/library-beauty-nails-emojis.svg,yes,,OG triple completed; hero set decorative,
https://ultratextgen.com/library/body-language-emojis/,symbol library,symbol library,Medium,,yes,/assets/og/library-body-language-emojis.png,yes,/assets/hero/library-body-language-emojis.svg,yes,,OG triple completed; hero set decorative,
https://ultratextgen.com/library/box-drawing-symbols/,symbol library,symbol library,Medium,,yes,/assets/og/library-box-drawing-symbols.png,yes,/assets/hero/library-box-drawing-symbols.svg,yes,,OG triple completed; hero set decorative,
https://ultratextgen.com/library/bracket-symbols/,symbol library,symbol library,Medium,,yes,/assets/og/library-bracket-symbols.png,yes,/assets/hero/library-bracket-symbols.svg,yes,,OG triple completed; hero set decorative,
https://ultratextgen.com/library/braille-pattern-symbols/,symbol library,symbol library,Medium,,yes,/assets/og/library-braille-pattern-symbols.png,yes,/assets/hero/library-braille-pattern-symbols.svg,yes,,OG triple completed; hero set decorative,
https://ultratextgen.com/library/brainrot-slang-emojis/,symbol library,symbol library,Medium,,yes,/assets/og/library-brainrot-slang-emojis.png,yes,/assets/hero/library-brainrot-slang-emojis.svg,yes,,OG triple completed; hero set decorative,
https://ultratextgen.com/library/bullet-point-symbols/,symbol library,symbol library,Medium,,yes,/assets/og/library-bullet-point-symbols.png,yes,/assets/hero/library-bullet-point-symbols.svg,yes,,OG triple completed; hero set decorative,
https://ultratextgen.com/library/card-suit-symbols/,symbol library,symbol library,Medium,,yes,/assets/og/library-card-suit-symbols.png,yes,/assets/hero/library-card-suit-symbols.svg,yes,,OG triple completed; hero set decorative,
https://ultratextgen.com/library/checkmark-symbols/,symbol library,symbol library,Medium,,yes,/assets/og/library-checkmark-symbols.png,yes,/assets/hero/library-checkmark-symbols.svg,yes,,OG triple completed; hero set decorative,
https://ultratextgen.com/library/chinese-symbols/,symbol library,symbol library,Medium,,yes,/assets/og/library-chinese-symbols.png,yes,/assets/hero/library-chinese-symbols.svg,yes,,OG triple completed; hero set decorative,
https://ultratextgen.com/library/christmas-symbols/,symbol library,symbol library,Medium,,yes,/assets/og/library-christmas-symbols.png,yes,/assets/hero/library-christmas-symbols.svg,yes,,OG triple completed; hero set decorative,
https://ultratextgen.com/library/clock-time-symbols/,symbol library,symbol library,Medium,,yes,/assets/og/library-clock-time-symbols.png,yes,/assets/hero/library-clock-time-symbols.svg,yes,,OG triple completed; hero set decorative,
https://ultratextgen.com/library/clothing-fashion-emojis/,symbol library,symbol library,Medium,,yes,/assets/og/library-clothing-fashion-emojis.png,yes,/assets/hero/library-clothing-fashion-emojis.svg,yes,,OG triple completed; hero set decorative,
https://ultratextgen.com/library/color-emoji-combos/,symbol library,symbol library,Medium,,yes,/assets/og/library-color-emoji-combos.png,yes,/assets/hero/library-color-emoji-combos.svg,yes,,OG triple completed; hero set decorative,
https://ultratextgen.com/library/copyright-trademark-symbols/,symbol library,symbol library,Medium,,yes,/assets/og/library-copyright-trademark-symbols.png,yes,/assets/hero/library-copyright-trademark-symbols.svg,yes,,OG triple completed; hero set decorative,
https://ultratextgen.com/library/coquette-symbols/,symbol library,symbol library,Medium,,yes,/assets/og/library-coquette-symbols.png,yes,/assets/hero/library-coquette-symbols.svg,yes,,OG triple completed; hero set decorative,
https://ultratextgen.com/library/cottagecore-symbols/,symbol library,symbol library,Medium,,yes,/assets/og/library-cottagecore-symbols.png,yes,/assets/hero/library-cottagecore-symbols.svg,yes,,OG triple completed; hero set decorative,
https://ultratextgen.com/library/crown-royalty-symbols/,symbol library,symbol library,Medium,,yes,/assets/og/library-crown-royalty-symbols.png,yes,/assets/hero/library-crown-royalty-symbols.svg,yes,,OG triple completed; hero set decorative,
https://ultratextgen.com/library/crying-emoji/,symbol library,symbol library,Medium,,yes,/assets/og/library-crying-emoji.png,yes,/assets/hero/library-crying-emoji.svg,yes,,OG triple completed; hero set decorative,
https://ultratextgen.com/library/currency-symbols/,symbol library,symbol library,Medium,,yes,/assets/og/library-currency-symbols.png,yes,/assets/hero/library-currency-symbols.svg,yes,,OG triple completed; hero set decorative,
https://ultratextgen.com/library/degree-symbol/,symbol library,symbol library,Medium,,yes,/assets/og/library-degree-symbol.png,yes,/assets/hero/library-degree-symbol.svg,yes,,OG triple completed; hero set decorative,
https://ultratextgen.com/library/dice-domino-symbols/,symbol library,symbol library,Medium,,yes,/assets/og/library-dice-domino-symbols.png,yes,/assets/hero/library-dice-domino-symbols.svg,yes,,OG triple completed; hero set decorative,
https://ultratextgen.com/library/diwali-symbols/,symbol library,symbol library,Medium,,yes,/assets/og/library-diwali-symbols.png,yes,/assets/hero/library-diwali-symbols.svg,yes,,OG triple completed; hero set decorative,
https://ultratextgen.com/library/dreamcore-weirdcore-symbols/,symbol library,symbol library,Medium,,yes,/assets/og/library-dreamcore-weirdcore-symbols.png,yes,/assets/hero/library-dreamcore-weirdcore-symbols.svg,yes,,OG triple completed; hero set decorative,
https://ultratextgen.com/library/easter-symbols/,symbol library,symbol library,Medium,,yes,/assets/og/library-easter-symbols.png,yes,/assets/hero/library-easter-symbols.svg,yes,,OG triple completed; hero set decorative,
https://ultratextgen.com/library/egyptian-hieroglyphs/,symbol library,symbol library,Medium,,yes,/assets/og/library-egyptian-hieroglyphs.png,yes,/assets/hero/library-egyptian-hieroglyphs.svg,yes,,OG triple completed; hero set decorative,
https://ultratextgen.com/library/electrical-circuit-symbols/,symbol library,symbol library,Medium,,yes,/assets/og/library-electrical-circuit-symbols.png,yes,/assets/hero/library-electrical-circuit-symbols.svg,yes,,OG triple completed; hero set decorative,
https://ultratextgen.com/library/emoji-combos/,symbol library,symbol library,Medium,,yes,/assets/og/library-emoji-combos.png,yes,/assets/hero/library-emoji-combos.svg,yes,,OG triple completed; hero set decorative,
https://ultratextgen.com/library/emoji-meanings-guide/,symbol library,symbol library,Medium,,yes,/assets/og/library-emoji-meanings-guide.png,yes,/assets/hero/library-emoji-meanings-guide.svg,yes,,OG triple completed; hero set decorative,
https://ultratextgen.com/library/evil-eye-hamsa-symbols/,symbol library,symbol library,Medium,,yes,/assets/og/library-evil-eye-hamsa-symbols.png,yes,/assets/hero/library-evil-eye-hamsa-symbols.svg,yes,,OG triple completed; hero set decorative,
https://ultratextgen.com/library/face-emojis/,symbol library,symbol library,Medium,,yes,/assets/og/library-face-emojis.png,yes,/assets/hero/library-face-emojis.svg,yes,,OG triple completed; hero set decorative,
https://ultratextgen.com/library/fairycore-symbols/,symbol library,symbol library,Medium,,yes,/assets/og/library-fairycore-symbols.png,yes,/assets/hero/library-fairycore-symbols.svg,yes,,OG triple completed; hero set decorative,
https://ultratextgen.com/library/fantasy-mythical-emojis/,symbol library,symbol library,Medium,,yes,/assets/og/library-fantasy-mythical-emojis.png,yes,/assets/hero/library-fantasy-mythical-emojis.svg,yes,,OG triple completed; hero set decorative,
https://ultratextgen.com/library/food-drink-emojis/,symbol library,symbol library,Medium,,yes,/assets/og/library-food-drink-emojis.png,yes,/assets/hero/library-food-drink-emojis.svg,yes,,OG triple completed; hero set decorative,
https://ultratextgen.com/library/fortnite-symbols/,symbol library,symbol library,Medium,,yes,/assets/og/library-fortnite-symbols.png,yes,/assets/hero/library-fortnite-symbols.svg,yes,,OG triple completed; hero set decorative,
https://ultratextgen.com/library/fourth-of-july-symbols/,symbol library,symbol library,Medium,,yes,/assets/og/library-fourth-of-july-symbols.png,yes,/assets/hero/library-fourth-of-july-symbols.svg,yes,,OG triple completed; hero set decorative,
https://ultratextgen.com/library/fraction-symbols/,symbol library,symbol library,Medium,,yes,/assets/og/library-fraction-symbols.png,yes,/assets/hero/library-fraction-symbols.svg,yes,,OG triple completed; hero set decorative,
https://ultratextgen.com/library/free-fire-name-symbols/,symbol library,symbol library,Medium,,yes,/assets/og/library-free-fire-name-symbols.png,yes,/assets/hero/library-free-fire-name-symbols.svg,yes,,OG triple completed; hero set decorative,
https://ultratextgen.com/library/friendship-emojis/,symbol library,symbol library,Medium,,yes,/assets/og/library-friendship-emojis.png,yes,/assets/hero/library-friendship-emojis.svg,yes,,OG triple completed; hero set decorative,
https://ultratextgen.com/library/funny-emoji-combos/,symbol library,symbol library,Medium,,yes,/assets/og/library-funny-emoji-combos.png,yes,/assets/hero/library-funny-emoji-combos.svg,yes,,OG triple completed; hero set decorative,
https://ultratextgen.com/library/gender-symbols/,symbol library,symbol library,Medium,,yes,/assets/og/library-gender-symbols.png,yes,/assets/hero/library-gender-symbols.svg,yes,,OG triple completed; hero set decorative,
https://ultratextgen.com/library/geometric-symbols/,symbol library,symbol library,Medium,,yes,/assets/og/library-geometric-symbols.png,yes,/assets/hero/library-geometric-symbols.svg,yes,,OG triple completed; hero set decorative,
https://ultratextgen.com/library/goth-grunge-symbols/,symbol library,symbol library,Medium,,yes,/assets/og/library-goth-grunge-symbols.png,yes,/assets/hero/library-goth-grunge-symbols.svg,yes,,OG triple completed; hero set decorative,
https://ultratextgen.com/library/greeting-message-emojis/,symbol library,symbol library,Medium,,yes,/assets/og/library-greeting-message-emojis.png,yes,/assets/hero/library-greeting-message-emojis.svg,yes,,OG triple completed; hero set decorative,
https://ultratextgen.com/library/halloween-symbols/,symbol library,symbol library,Medium,,yes,/assets/og/library-halloween-symbols.png,yes,/assets/hero/library-halloween-symbols.svg,yes,,OG triple completed; hero set decorative,
https://ultratextgen.com/library/hand-symbols/,symbol library,symbol library,Medium,,yes,/assets/og/library-hand-symbols.png,yes,/assets/hero/library-hand-symbols.svg,yes,,OG triple completed; hero set decorative,
https://ultratextgen.com/library/happy-emoji/,symbol library,symbol library,Medium,,yes,/assets/og/library-happy-emoji.png,yes,/assets/hero/library-happy-emoji.svg,yes,,OG triple completed; hero set decorative,
https://ultratextgen.com/library/hazard-warning-symbols/,symbol library,symbol library,Medium,,yes,/assets/og/library-hazard-warning-symbols.png,yes,/assets/hero/library-hazard-warning-symbols.svg,yes,,OG triple completed; hero set decorative,
https://ultratextgen.com/library/heart-symbols/,symbol library,symbol library,Medium,,yes,/assets/og/library-heart-symbols.png,yes,/assets/hero/library-heart-symbols.svg,yes,,OG triple completed; hero set decorative,
https://ultratextgen.com/library/hindi-symbols/,symbol library,symbol library,Medium,,yes,/assets/og/library-hindi-symbols.png,yes,/assets/hero/library-hindi-symbols.svg,yes,,OG triple completed; hero set decorative,
https://ultratextgen.com/library/html-entities/,symbol library,symbol library,Medium,,yes,/assets/og/library-html-entities.png,yes,/assets/hero/library-html-entities.svg,yes,,OG triple completed; hero set decorative,
https://ultratextgen.com/library/,symbol library,symbol library,Medium,,yes,/assets/og/library.png,yes,/assets/hero/library.svg,yes,,OG triple completed; hero set decorative,
https://ultratextgen.com/library/invisible-character/,symbol library,symbol library,Medium,,yes,/assets/og/library-invisible-character.png,yes,/assets/hero/library-invisible-character.svg,yes,,OG triple completed; hero set decorative,
https://ultratextgen.com/library/ipa-phonetic-symbols/,symbol library,symbol library,Medium,,yes,/assets/og/library-ipa-phonetic-symbols.png,yes,/assets/hero/library-ipa-phonetic-symbols.svg,yes,,OG triple completed; hero set decorative,
https://ultratextgen.com/library/islamic-symbols/,symbol library,symbol library,Medium,,yes,/assets/og/library-islamic-symbols.png,yes,/assets/hero/library-islamic-symbols.svg,yes,,OG triple completed; hero set decorative,
https://ultratextgen.com/library/japanese-symbols/,symbol library,symbol library,Medium,,yes,/assets/og/library-japanese-symbols.png,yes,/assets/hero/library-japanese-symbols.svg,yes,,OG triple completed; hero set decorative,
https://ultratextgen.com/library/jewelry-gem-emojis/,symbol library,symbol library,Medium,,yes,/assets/og/library-jewelry-gem-emojis.png,yes,/assets/hero/library-jewelry-gem-emojis.svg,yes,,OG triple completed; hero set decorative,
https://ultratextgen.com/library/kawaii-cute-symbols/,symbol library,symbol library,Medium,,yes,/assets/og/library-kawaii-cute-symbols.png,yes,/assets/hero/library-kawaii-cute-symbols.svg,yes,,OG triple completed; hero set decorative,
https://ultratextgen.com/library/keyboard-symbols/,symbol library,symbol library,Medium,,yes,/assets/og/library-keyboard-symbols.png,yes,/assets/hero/library-keyboard-symbols.svg,yes,,OG triple completed; hero set decorative,
https://ultratextgen.com/library/korean-symbols/,symbol library,symbol library,Medium,,yes,/assets/og/library-korean-symbols.png,yes,/assets/hero/library-korean-symbols.svg,yes,,OG triple completed; hero set decorative,
https://ultratextgen.com/library/latex-symbols/,symbol library,symbol library,Medium,,yes,/assets/og/library-latex-symbols.png,yes,/assets/hero/library-latex-symbols.svg,yes,,OG triple completed; hero set decorative,
https://ultratextgen.com/library/laughing-emoji/,symbol library,symbol library,Medium,,yes,/assets/og/library-laughing-emoji.png,yes,/assets/hero/library-laughing-emoji.svg,yes,,OG triple completed; hero set decorative,
https://ultratextgen.com/library/laundry-care-symbols/,symbol library,symbol library,Medium,,yes,/assets/og/library-laundry-care-symbols.png,yes,/assets/hero/library-laundry-care-symbols.svg,yes,,OG triple completed; hero set decorative,
https://ultratextgen.com/library/line-divider-symbols/,symbol library,symbol library,Medium,,yes,/assets/og/library-line-divider-symbols.png,yes,/assets/hero/library-line-divider-symbols.svg,yes,,OG triple completed; hero set decorative,
https://ultratextgen.com/library/linkedin-comment-styling/,symbol library,symbol library,Medium,,yes,/assets/og/library-linkedin-comment-styling.png,yes,/assets/hero/library-linkedin-comment-styling.svg,yes,,OG triple completed; hero set decorative,
https://ultratextgen.com/library/linkedin-symbol-library/,symbol library,symbol library,Medium,,yes,/assets/og/library-linkedin-symbol-library.png,yes,/assets/hero/library-linkedin-symbol-library.svg,yes,,OG triple completed; hero set decorative,
https://ultratextgen.com/library/loading-text-symbols/,symbol library,symbol library,Medium,,yes,/assets/og/library-loading-text-symbols.png,yes,/assets/hero/library-loading-text-symbols.svg,yes,,OG triple completed; hero set decorative,
https://ultratextgen.com/library/math-symbols/,symbol library,symbol library,Medium,,yes,/assets/og/library-math-symbols.png,yes,/assets/hero/library-math-symbols.svg,yes,,OG triple completed; hero set decorative,
https://ultratextgen.com/library/media-control-symbols/,symbol library,symbol library,Medium,,yes,/assets/og/library-media-control-symbols.png,yes,/assets/hero/library-media-control-symbols.svg,yes,,OG triple completed; hero set decorative,
https://ultratextgen.com/library/medical-symbols/,symbol library,symbol library,Medium,,yes,/assets/og/library-medical-symbols.png,yes,/assets/hero/library-medical-symbols.svg,yes,,OG triple completed; hero set decorative,
https://ultratextgen.com/library/meme-text-art/,symbol library,symbol library,Medium,,yes,/assets/og/library-meme-text-art.png,yes,/assets/hero/library-meme-text-art.svg,yes,,OG triple completed; hero set decorative,
https://ultratextgen.com/library/minecraft-symbols/,symbol library,symbol library,Medium,,yes,/assets/og/library-minecraft-symbols.png,yes,/assets/hero/library-minecraft-symbols.svg,yes,,OG triple completed; hero set decorative,
https://ultratextgen.com/library/ml-name-symbols/,symbol library,symbol library,Medium,,yes,/assets/og/library-ml-name-symbols.png,yes,/assets/hero/library-ml-name-symbols.svg,yes,,OG triple completed; hero set decorative,
https://ultratextgen.com/library/moai-emoji/,symbol library,symbol library,Medium,,yes,/assets/og/library-moai-emoji.png,yes,/assets/hero/library-moai-emoji.svg,yes,,OG triple completed; hero set decorative,
https://ultratextgen.com/library/money-emojis/,symbol library,symbol library,Medium,,yes,/assets/og/library-money-emojis.png,yes,/assets/hero/library-money-emojis.svg,yes,,OG triple completed; hero set decorative,
https://ultratextgen.com/library/moon-celestial-symbols/,symbol library,symbol library,Medium,,yes,/assets/og/library-moon-celestial-symbols.png,yes,/assets/hero/library-moon-celestial-symbols.svg,yes,,OG triple completed; hero set decorative,
https://ultratextgen.com/library/movie-night-emojis/,symbol library,symbol library,Medium,,yes,/assets/og/library-movie-night-emojis.png,yes,/assets/hero/library-movie-night-emojis.svg,yes,,OG triple completed; hero set decorative,
https://ultratextgen.com/library/music-symbols/,symbol library,symbol library,Medium,,yes,/assets/og/library-music-symbols.png,yes,/assets/hero/library-music-symbols.svg,yes,,OG triple completed; hero set decorative,
https://ultratextgen.com/library/nature-emojis/,symbol library,symbol library,Medium,,yes,/assets/og/library-nature-emojis.png,yes,/assets/hero/library-nature-emojis.svg,yes,,OG triple completed; hero set decorative,
https://ultratextgen.com/library/nerd-emoji/,symbol library,symbol library,Medium,,yes,/assets/og/library-nerd-emoji.png,yes,/assets/hero/library-nerd-emoji.svg,yes,,OG triple completed; hero set decorative,
https://ultratextgen.com/library/nickname-symbols/,symbol library,symbol library,Medium,,yes,/assets/og/library-nickname-symbols.png,yes,/assets/hero/library-nickname-symbols.svg,yes,,OG triple completed; hero set decorative,
https://ultratextgen.com/library/norse-viking-runes/,symbol library,symbol library,Medium,,yes,/assets/og/library-norse-viking-runes.png,yes,/assets/hero/library-norse-viking-runes.svg,yes,,OG triple completed; hero set decorative,
https://ultratextgen.com/library/number-symbols/,symbol library,symbol library,Medium,,yes,/assets/og/library-number-symbols.png,yes,/assets/hero/library-number-symbols.svg,yes,,OG triple completed; hero set decorative,
https://ultratextgen.com/library/object-emojis/,symbol library,symbol library,Medium,,yes,/assets/og/library-object-emojis.png,yes,/assets/hero/library-object-emojis.svg,yes,,OG triple completed; hero set decorative,
https://ultratextgen.com/library/party-celebration-emojis/,symbol library,symbol library,Medium,,yes,/assets/og/library-party-celebration-emojis.png,yes,/assets/hero/library-party-celebration-emojis.svg,yes,,OG triple completed; hero set decorative,
https://ultratextgen.com/library/peace-symbol/,symbol library,symbol library,Medium,,yes,/assets/og/library-peace-symbol.png,yes,/assets/hero/library-peace-symbol.svg,yes,,OG triple completed; hero set decorative,
https://ultratextgen.com/library/people-profession-emojis/,symbol library,symbol library,Medium,,yes,/assets/og/library-people-profession-emojis.png,yes,/assets/hero/library-people-profession-emojis.svg,yes,,OG triple completed; hero set decorative,
https://ultratextgen.com/library/poop-emoji/,symbol library,symbol library,Medium,,yes,/assets/og/library-poop-emoji.png,yes,/assets/hero/library-poop-emoji.svg,yes,,OG triple completed; hero set decorative,
https://ultratextgen.com/library/preppy-emoji-combos/,symbol library,symbol library,Medium,,yes,/assets/og/library-preppy-emoji-combos.png,yes,/assets/hero/library-preppy-emoji-combos.svg,yes,,OG triple completed; hero set decorative,
https://ultratextgen.com/library/punctuation-symbols/,symbol library,symbol library,Medium,,yes,/assets/og/library-punctuation-symbols.png,yes,/assets/hero/library-punctuation-symbols.svg,yes,,OG triple completed; hero set decorative,
https://ultratextgen.com/library/recycle-environment-symbols/,symbol library,symbol library,Medium,,yes,/assets/og/library-recycle-environment-symbols.png,yes,/assets/hero/library-recycle-environment-symbols.svg,yes,,OG triple completed; hero set decorative,
https://ultratextgen.com/library/religious-symbols/,symbol library,symbol library,Medium,,yes,/assets/og/library-religious-symbols.png,yes,/assets/hero/library-religious-symbols.svg,yes,,OG triple completed; hero set decorative,
https://ultratextgen.com/library/roblox-text-art/,symbol library,symbol library,Medium,,yes,/assets/og/library-roblox-text-art.png,yes,/assets/hero/library-roblox-text-art.svg,yes,,OG triple completed; hero set decorative,
https://ultratextgen.com/library/sad-emoji/,symbol library,symbol library,Medium,,yes,/assets/og/library-sad-emoji.png,yes,/assets/hero/library-sad-emoji.svg,yes,,OG triple completed; hero set decorative,
https://ultratextgen.com/library/school-education-emojis/,symbol library,symbol library,Medium,,yes,/assets/og/library-school-education-emojis.png,yes,/assets/hero/library-school-education-emojis.svg,yes,,OG triple completed; hero set decorative,
https://ultratextgen.com/library/seasonal-emoji-combos/,symbol library,symbol library,Medium,,yes,/assets/og/library-seasonal-emoji-combos.png,yes,/assets/hero/library-seasonal-emoji-combos.svg,yes,,OG triple completed; hero set decorative,
https://ultratextgen.com/library/shocked-emoji/,symbol library,symbol library,Medium,,yes,/assets/og/library-shocked-emoji.png,yes,/assets/hero/library-shocked-emoji.svg,yes,,OG triple completed; hero set decorative,
https://ultratextgen.com/library/side-eye-emoji/,symbol library,symbol library,Medium,,yes,/assets/og/library-side-eye-emoji.png,yes,/assets/hero/library-side-eye-emoji.svg,yes,,OG triple completed; hero set decorative,
https://ultratextgen.com/library/sparkle-symbols/,symbol library,symbol library,Medium,,yes,/assets/og/library-sparkle-symbols.png,yes,/assets/hero/library-sparkle-symbols.svg,yes,,OG triple completed; hero set decorative,
https://ultratextgen.com/library/special-characters/,symbol library,symbol library,Medium,,yes,/assets/og/library-special-characters.png,yes,/assets/hero/library-special-characters.svg,yes,,OG triple completed; hero set decorative,
https://ultratextgen.com/library/sports-emojis/,symbol library,symbol library,Medium,,yes,/assets/og/library-sports-emojis.png,yes,/assets/hero/library-sports-emojis.svg,yes,,OG triple completed; hero set decorative,
https://ultratextgen.com/library/star-symbols/,symbol library,symbol library,Medium,,yes,/assets/og/library-star-symbols.png,yes,/assets/hero/library-star-symbols.svg,yes,,OG triple completed; hero set decorative,
https://ultratextgen.com/library/tech-status-symbols/,symbol library,symbol library,Medium,,yes,/assets/og/library-tech-status-symbols.png,yes,/assets/hero/library-tech-status-symbols.svg,yes,,OG triple completed; hero set decorative,
https://ultratextgen.com/library/text-art/,symbol library,symbol library,Medium,,yes,/assets/og/library-text-art.png,yes,/assets/hero/library-text-art.svg,yes,,OG triple completed; hero set decorative,
https://ultratextgen.com/library/text-faces-kaomoji/,symbol library,symbol library,Medium,,yes,/assets/og/library-text-faces-kaomoji.png,yes,/assets/hero/library-text-faces-kaomoji.svg,yes,,OG triple completed; hero set decorative,
https://ultratextgen.com/library/thanksgiving-symbols/,symbol library,symbol library,Medium,,yes,/assets/og/library-thanksgiving-symbols.png,yes,/assets/hero/library-thanksgiving-symbols.svg,yes,,OG triple completed; hero set decorative,
https://ultratextgen.com/library/therian-symbols/,symbol library,symbol library,Medium,,yes,/assets/og/library-therian-symbols.png,yes,/assets/hero/library-therian-symbols.svg,yes,,OG triple completed; hero set decorative,
https://ultratextgen.com/library/thumbs-up-emoji/,symbol library,symbol library,Medium,,yes,/assets/og/library-thumbs-up-emoji.png,yes,/assets/hero/library-thumbs-up-emoji.svg,yes,,OG triple completed; hero set decorative,
https://ultratextgen.com/library/tiktok-symbols/,symbol library,symbol library,Medium,,yes,/assets/og/library-tiktok-symbols.png,yes,/assets/hero/library-tiktok-symbols.svg,yes,,OG triple completed; hero set decorative,
https://ultratextgen.com/library/traffic-road-sign-symbols/,symbol library,symbol library,Medium,,yes,/assets/og/library-traffic-road-sign-symbols.png,yes,/assets/hero/library-traffic-road-sign-symbols.svg,yes,,OG triple completed; hero set decorative,
https://ultratextgen.com/library/transport-symbols/,symbol library,symbol library,Medium,,yes,/assets/og/library-transport-symbols.png,yes,/assets/hero/library-transport-symbols.svg,yes,,OG triple completed; hero set decorative,
https://ultratextgen.com/library/travel-vacation-emojis/,symbol library,symbol library,Medium,,yes,/assets/og/library-travel-vacation-emojis.png,yes,/assets/hero/library-travel-vacation-emojis.svg,yes,,OG triple completed; hero set decorative,
https://ultratextgen.com/library/unit-measurement-symbols/,symbol library,symbol library,Medium,,yes,/assets/og/library-unit-measurement-symbols.png,yes,/assets/hero/library-unit-measurement-symbols.svg,yes,,OG triple completed; hero set decorative,
https://ultratextgen.com/library/vertical-line-symbols/,symbol library,symbol library,Medium,,yes,/assets/og/library-vertical-line-symbols.png,yes,/assets/hero/library-vertical-line-symbols.svg,yes,,OG triple completed; hero set decorative,
https://ultratextgen.com/library/weapon-tool-emojis/,symbol library,symbol library,Medium,,yes,/assets/og/library-weapon-tool-emojis.png,yes,/assets/hero/library-weapon-tool-emojis.svg,yes,,OG triple completed; hero set decorative,
https://ultratextgen.com/library/weather-symbols/,symbol library,symbol library,Medium,,yes,/assets/og/library-weather-symbols.png,yes,/assets/hero/library-weather-symbols.svg,yes,,OG triple completed; hero set decorative,
https://ultratextgen.com/library/wedding-anniversary-emojis/,symbol library,symbol library,Medium,,yes,/assets/og/library-wedding-anniversary-emojis.png,yes,/assets/hero/library-wedding-anniversary-emojis.svg,yes,,OG triple completed; hero set decorative,
https://ultratextgen.com/library/whatsapp-symbols/,symbol library,symbol library,Medium,,yes,/assets/og/library-whatsapp-symbols.png,yes,/assets/hero/library-whatsapp-symbols.svg,yes,,OG triple completed; hero set decorative,
https://ultratextgen.com/library/witchy-occult-symbols/,symbol library,symbol library,Medium,,yes,/assets/og/library-witchy-occult-symbols.png,yes,/assets/hero/library-witchy-occult-symbols.svg,yes,,OG triple completed; hero set decorative,
https://ultratextgen.com/library/y2k-symbols/,symbol library,symbol library,Medium,,yes,/assets/og/library-y2k-symbols.png,yes,/assets/hero/library-y2k-symbols.svg,yes,,OG triple completed; hero set decorative,
https://ultratextgen.com/library/zodiac-symbols/,symbol library,symbol library,Medium,,yes,/assets/og/library-zodiac-symbols.png,yes,/assets/hero/library-zodiac-symbols.svg,yes,,OG triple completed; hero set decorative,
https://ultratextgen.com/nl/,localized,localized,Medium,,yes,/assets/og/mooie-letters-generator-preview.png,yes,,n/a,,OG triple completed,
https://ultratextgen.com/nl/usecase/zalgo-text/,localized,localized,Medium,,yes,/assets/og/nl-usecase-zalgo-text.png,yes,/assets/hero/nl-usecase-zalgo-text.svg,yes,,OG triple completed; hero set decorative,
https://ultratextgen.com/pl/,localized,localized,Medium,,yes,/assets/og/generator-ladnych-czcionek-preview.png,yes,,n/a,,OG triple completed,
https://ultratextgen.com/pl/usecase/zalgo-text/,localized,localized,Medium,,yes,/assets/og/pl-usecase-zalgo-text.png,yes,/assets/hero/pl-usecase-zalgo-text.svg,yes,,OG triple completed; hero set decorative,
https://ultratextgen.com/pt/,localized,localized,Medium,,yes,/assets/og/gerador-de-letras-diferentes-preview.png,yes,,n/a,,OG triple completed,
https://ultratextgen.com/pt/usecase/zalgo-text/,localized,localized,Medium,,yes,/assets/og/pt-usecase-zalgo-text.png,yes,/assets/hero/pt-usecase-zalgo-text.svg,yes,,OG triple completed; hero set decorative,
https://ultratextgen.com/tr/,localized,localized,Medium,,yes,/assets/og/sekilli-yazi-olusturucu-preview.png,yes,,n/a,,OG triple completed,
https://ultratextgen.com/tr/usecase/zalgo-text/,localized,localized,Medium,,yes,/assets/og/tr-usecase-zalgo-text.png,yes,/assets/hero/tr-usecase-zalgo-text.svg,yes,,OG triple completed; hero set decorative,
https://ultratextgen.com/vi/,localized,localized,Medium,,yes,/assets/og/tao-chu-kieu-dep-preview.png,yes,,n/a,,OG triple completed,
https://ultratextgen.com/vi/usecase/zalgo-text/,localized,localized,Medium,,yes,/assets/og/vi-usecase-zalgo-text.png,yes,/assets/hero/vi-usecase-zalgo-text.svg,yes,,OG triple completed; hero set decorative,
https://ultratextgen.com/embed/linkedin-headline-generator/,embed,embed,Lower,,yes,/assets/og/embed-linkedin-headline-generator.png,yes,/assets/hero/embed-linkedin-headline-generator.svg,yes,,OG triple completed; hero set decorative,
https://ultratextgen.com/roblox/name-generator/,roblox,roblox,Lower,,yes,/assets/og/roblox-name-generator.png,yes,/assets/hero/roblox-name-generator.svg,yes,,OG triple completed; hero set decorative,
https://ultratextgen.com/tiktok/name-generator/,tiktok,tiktok,Lower,,yes,/assets/og/tiktok-name-generator.png,yes,/assets/hero/tiktok-name-generator.svg,yes,,OG triple completed; hero set decorative,
https://ultratextgen.com/tiktok/what-font-does-tiktok-use/,tiktok,tiktok,Lower,,yes,/assets/og/tiktok-what-font-does-tiktok-use.png,yes,/assets/hero/tiktok-what-font-does-tiktok-use.svg,yes,,OG triple completed; hero set decorative,
https://ultratextgen.com/youtube/name-generator/,youtube,youtube,Lower,,yes,/assets/og/youtube-name-generator.png,yes,/assets/hero/youtube-name-generator.svg,yes,,OG triple completed; hero set decorative,
https://ultratextgen.com/youtube/what-font-does-youtube-use/,youtube,youtube,Lower,,yes,/assets/og/youtube-what-font-does-youtube-use.png,yes,/assets/hero/youtube-what-font-does-youtube-use.svg,yes,,OG triple completed; hero set decorative,
https://ultratextgen.com/about/,legal/info,legal/info,Low,,yes,/assets/og/about.png,yes,/assets/hero/about.svg,yes,,OG triple completed; hero set decorative,
https://ultratextgen.com/contact/,legal/info,legal/info,Low,,yes,/assets/og/contact.png,yes,/assets/hero/contact.svg,yes,,OG triple completed; hero set decorative,
https://ultratextgen.com/privacy/,legal/info,legal/info,Low,,yes,/assets/og/privacy.png,yes,/assets/hero/privacy.svg,yes,,OG triple completed; hero set decorative,
https://ultratextgen.com/terms/,legal/info,legal/info,Low,,yes,/assets/og/terms.png,yes,/assets/hero/terms.svg,yes,,OG triple completed; hero set decorative,
